journaltitle	gleditschhaspolicy	gherghinahaspolicy	zenkmoltgenhaspolicy	sturgeshaspolicy	sturgesstrictness	vlaeminckhaspolicy	vlaemincksubject	crosashaspolicy	crosasdiscipline	crosasstrictness	crosasimpactfactor	crosaspublisher	crosasissn
Abacus	NA	NA	NA	NA	NA	0	Business Studies	NA	NA	NA	NA	NA	NA
Academia-Revista Latinoamericana de Administracion	NA	NA	NA	0	0	NA	NA	NA	NA	NA	NA	NA	NA
Academy of Management Annals	NA	NA	NA	0	0	NA	NA	NA	NA	NA	NA	NA	NA
Academy of Management Journal	NA	NA	NA	0	0	0	Business Studies	NA	NA	NA	NA	NA	NA
Academy of Management Learning & Education	NA	NA	NA	0	0	NA	NA	NA	NA	NA	NA	NA	NA
Academy of Management Perspectives	NA	NA	NA	0	0	0	Business Studies	NA	NA	NA	NA	NA	NA
Academy of Management Review	NA	NA	NA	0	0	NA	NA	NA	NA	NA	NA	NA	NA
Accounting and Business Research	NA	NA	NA	NA	NA	0	Business Studies	NA	NA	NA	NA	NA	NA
Accounting Review	NA	NA	NA	NA	NA	1	Business Studies	NA	NA	NA	NA	NA	NA
"Accounting, Business and Financial History, heute: Accounting History Review"	NA	NA	NA	NA	NA	0	Business Studies	NA	NA	NA	NA	NA	NA
"Accounting, Organizations and Society"	NA	NA	NA	NA	NA	0	Business Studies	NA	NA	NA	NA	NA	NA
Acta Bioethica	NA	NA	NA	0	0	NA	NA	NA	NA	NA	NA	NA	NA
Acta Linguistica Hungarica	NA	NA	NA	0	0	NA	NA	NA	NA	NA	NA	NA	NA
Acta Politica	NA	0	NA	NA	NA	NA	NA	NA	NA	NA	NA	NA	NA
Acta Psychiatrica Scandinavica	NA	NA	NA	0	0	NA	NA	NA	NA	NA	NA	NA	NA
Acta Sociologica	NA	NA	1	NA	NA	NA	NA	NA	NA	NA	NA	NA	NA
Addiction	NA	NA	NA	0	0	NA	NA	NA	NA	NA	NA	NA	NA
Administrative Science Quarterly	NA	NA	NA	0	0	0	Business Studies	NA	NA	NA	NA	NA	NA
Advances in Experimental Social Psychology	NA	NA	NA	0	0	NA	NA	NA	NA	NA	NA	NA	NA
Advances in Statistical Analysis	NA	NA	NA	NA	NA	0	Economics	NA	NA	NA	NA	NA	NA
African Affairs	NA	0	NA	NA	NA	NA	NA	0	PoliSci + IR	0	2.577	Oxford University Press	0001-9909
Agriculture and Human Values	NA	NA	1	NA	NA	NA	NA	1	Sociology	1	2.337	Springer	0889-048X
Aibr-Revista de Antropologia Iberoamericana	NA	NA	NA	0	0	NA	NA	NA	NA	NA	NA	NA	NA
Aktual'Ni Problemy Ekonomiky	NA	NA	NA	0	0	NA	NA	NA	NA	NA	NA	NA	NA
Albanian Journal of Politics	NA	0	NA	NA	NA	NA	NA	NA	NA	NA	NA	NA	NA
American Anthropologist	NA	NA	NA	NA	NA	NA	NA	0	Anthropology	0	1.58	American Anthropological Association	1548-1433
American Antiquity	NA	NA	NA	NA	NA	NA	NA	1	Anthropology	1	1.305	Cambridge University Press	1978-1860
American Economic Journal – Applied Economics	NA	NA	NA	NA	NA	1	Economics	1	Economics	2	3.36	American Economic Association	1945-7782
American Economic Journal – Economic Policy	NA	NA	NA	NA	NA	NA	NA	1	Economics	2	3.133	American Economic Association	1945-7731
American Economic Journal – Macroeconomics	NA	NA	NA	1	2	NA	NA	1	Economics	2	2.909	American Economic Association	1945-7707
American Economic Review	NA	NA	NA	NA	NA	1	Economics	1	Economics	2	4.026	American Economic Association	0002-8282
American Ethnologist	NA	NA	NA	NA	NA	NA	NA	0	Anthropology	0	1.956	Wiley	1548-1425
American Historical Review	NA	NA	NA	NA	NA	NA	NA	0	History	0	1.145	American Historical Association	0002-8762
American Journal of Agricultural Economics	NA	NA	NA	NA	NA	1	Economics	NA	NA	NA	NA	NA	NA
American Journal of Bioethics	NA	NA	NA	0	0	NA	NA	NA	NA	NA	NA	NA	NA
American Journal of Economics and Sociology	NA	NA	1	NA	NA	NA	NA	NA	NA	NA	NA	NA	NA
American Journal of Geriatric Psychiatry	NA	NA	NA	1	1	NA	NA	NA	NA	NA	NA	NA	NA
American Journal of Human Biology	NA	NA	NA	NA	NA	NA	NA	1	Anthropology	1	1.78	Wiley	1042-0533
American Journal of International Law	NA	NA	NA	NA	NA	NA	NA	0	PoliSci + IR	0	1.851	Cambridge University Press	0002-9300
American Journal of Physical Anthropology	NA	NA	NA	NA	NA	NA	NA	1	Anthropology	2	2.552	Wiley	1096-8644
American Journal of Political Science	1	1	NA	NA	NA	NA	NA	1	PoliSci + IR	2	5.044	Wiley	0092-5853
American Journal of Psychiatry	NA	NA	NA	1	1	NA	NA	NA	NA	NA	NA	NA	NA
American Journal of Public Health	NA	NA	NA	1	1	1	Other	NA	NA	NA	NA	NA	NA
American Journal of Sociology	NA	NA	0	NA	NA	NA	NA	0	Sociology	0	3.088	University of Chicago Press	0002-9602
American Political Science Review	1	1	NA	NA	NA	NA	NA	1	PoliSci + IR	2	3.361	Cambridge University Press	0003-0554
American Politics Research	NA	1	NA	NA	NA	NA	NA	NA	NA	NA	NA	NA	NA
American Psychologist	NA	NA	NA	1	2	NA	NA	NA	NA	NA	NA	NA	NA
American Sociological Review	NA	NA	1	1	2	NA	NA	1	Sociology	2	4.4	SAGE	0003-1224
Amme Idaresi Dergisi	NA	NA	NA	0	0	NA	NA	NA	NA	NA	NA	NA	NA
Andamios	NA	NA	NA	0	0	NA	NA	NA	NA	NA	NA	NA	NA
Annales d’Économie et de Statistique	NA	NA	NA	NA	NA	0	Economics	NA	NA	NA	NA	NA	NA
Annals of Behavioral Medicine	NA	NA	NA	1	1	NA	NA	NA	NA	NA	NA	NA	NA
Annals of Human Biology	NA	NA	NA	NA	NA	NA	NA	1	Anthropology	1	1.24	Taylor & Francis	0301-4460
Annals of Operations Research	NA	NA	NA	NA	NA	0	Business Studies	NA	NA	NA	NA	NA	NA
Annals of the American Academy of Political and Social Science	NA	0	NA	NA	NA	NA	NA	0	PoliSci + IR	0	2.118	SAGE	0002-7162
Annals of Tourism Research	NA	NA	1	NA	NA	NA	NA	0	Sociology	0	3.194	Elsevier	0160-7383
Annual Review of Anthropology	NA	NA	NA	NA	NA	NA	NA	1	Anthropology	1	2.413	Annual Reviews	0084-6570
Annual Review of Clinical Psychology	NA	NA	NA	1	1	NA	NA	1	Psychology	1	12.136	Annual Reviews	1548-5943
Annual Review of Environment and Resources	NA	NA	NA	1	1	NA	NA	NA	NA	NA	NA	NA	NA
Annual Review of Law and Social Science	NA	NA	0	NA	NA	NA	NA	1	Sociology	1	1.78	Annual Reviews	1550-3585
Annual Review of Political Science	NA	0	NA	NA	NA	NA	NA	1	PoliSci + IR	1	2.804	Annual Reviews	1094-2939
Annual Review of Psychology	NA	NA	NA	1	1	NA	NA	1	Psychology	1	19.95	Annual Reviews	0066-4308
Annual Review of Public Health	NA	NA	NA	1	1	NA	NA	NA	NA	NA	NA	NA	NA
Annual Review of Sociology	NA	NA	0	1	1	NA	NA	1	Sociology	1	5.404	Annual Reviews	0360-0572
Anthropological Forum	NA	NA	NA	NA	NA	NA	NA	1	Anthropology	1	0.744	Taylor & Francis	0066-4677
Anthropological Quarterly	NA	NA	NA	NA	NA	NA	NA	0	Anthropology	0	1.603	The George Washington University Institute for Ethnographic Research	3549-100
Anthropological Theory	NA	NA	NA	NA	NA	NA	NA	0	Anthropology	0	0.922	SAGE	1463-4996
Anthropology and Archeology of Eurasia	NA	NA	NA	0	0	NA	NA	NA	NA	NA	NA	NA	NA
Anthrozoos	NA	NA	0	NA	NA	NA	NA	NA	NA	NA	NA	NA	NA
Antiquity	NA	NA	NA	NA	NA	NA	NA	0	Anthropology	0	1.536	Cambridge University Press	0003-598X
Anuario de Estudios Medievales	NA	NA	NA	0	0	NA	NA	NA	NA	NA	NA	NA	NA
Applied Economics	NA	NA	NA	NA	NA	1	Economics	NA	NA	NA	NA	NA	NA
Applied Economics Letters	NA	NA	NA	NA	NA	0	Economics	NA	NA	NA	NA	NA	NA
Applied Economics Quarterly	NA	NA	NA	NA	NA	0	Economics	NA	NA	NA	NA	NA	NA
Applied Financial Economics	NA	NA	NA	NA	NA	0	Economics	NA	NA	NA	NA	NA	NA
Arbeit	NA	NA	NA	NA	NA	0	Economics	NA	NA	NA	NA	NA	NA
Archaeological and Anthropological Sciences	NA	NA	NA	NA	NA	NA	NA	1	Anthropology	1	1.844	Springer	1866-9557
Archaeology in Oceania	NA	NA	NA	NA	NA	NA	NA	1	Anthropology	1	1.235	Wiley	2272-2350
Archives Europeennes de Sociologie	NA	NA	1	NA	NA	NA	NA	NA	NA	NA	NA	NA	NA
Archives of Clinical Neuropsychology	NA	NA	NA	NA	NA	NA	NA	1	Psychology	1	2.044	Oxford Academic	0887-6177
Archives of General Psychiatry	NA	NA	NA	1	2	NA	NA	NA	NA	NA	NA	NA	NA
Argos	NA	NA	NA	0	0	NA	NA	NA	NA	NA	NA	NA	NA
Armed Forces & Society	NA	0	1	NA	NA	NA	NA	NA	NA	NA	NA	NA	NA
Asia Europe Journal	NA	NA	NA	1	1	NA	NA	NA	NA	NA	NA	NA	NA
Asia Pacific Journal of Social Work and Development	NA	NA	NA	1	1	NA	NA	NA	NA	NA	NA	NA	NA
Asia Pacific Law Review	NA	NA	NA	0	0	NA	NA	NA	NA	NA	NA	NA	NA
Asian Case Research Journal	NA	NA	NA	0	0	NA	NA	NA	NA	NA	NA	NA	NA
Asian Journal of Political Science	NA	0	NA	NA	NA	NA	NA	NA	NA	NA	NA	NA	NA
Asian Nursing Research	NA	NA	NA	0	0	NA	NA	NA	NA	NA	NA	NA	NA
Asian Women	NA	NA	NA	0	0	NA	NA	NA	NA	NA	NA	NA	NA
ASTIN Bulletin	NA	NA	NA	NA	NA	0	Economics	NA	NA	NA	NA	NA	NA
Attention Perception and Psychophysics	NA	NA	NA	NA	NA	NA	NA	1	Psychology	1	1.863	Springer	1943-3921
Auditing: A Journal of Practice and Theory	NA	NA	NA	NA	NA	1	Business Studies	NA	NA	NA	NA	NA	NA
Aussenwirtschaft	NA	NA	NA	NA	NA	0	Economics	NA	NA	NA	NA	NA	NA
Australian Archaeology	NA	NA	NA	NA	NA	NA	NA	0	Anthropology	0	0.961	Australian Archaeological Association	3122-4170
Australian Economic Review	NA	NA	NA	NA	NA	1	Economics	NA	NA	NA	NA	NA	NA
Australian Journal of Political Science	NA	0	NA	NA	NA	NA	NA	NA	NA	NA	NA	NA	NA
Austrian Journal of Political Science	NA	0	NA	NA	NA	NA	NA	NA	NA	NA	NA	NA	NA
Autism Research	NA	NA	NA	1	1	NA	NA	NA	NA	NA	NA	NA	NA
Baltic Journal of Management	NA	NA	NA	NA	NA	0	Business Studies	NA	NA	NA	NA	NA	NA
Behavioral and Brain Sciences	NA	NA	NA	0	0	NA	NA	NA	NA	NA	NA	NA	NA
Behavioral Research in Accounting	NA	NA	NA	NA	NA	1	Business Studies	NA	NA	NA	NA	NA	NA
Belarusian Political Science Review	NA	0	NA	NA	NA	NA	NA	NA	NA	NA	NA	NA	NA
Berliner Journal Fur Soziologie	NA	NA	0	NA	NA	NA	NA	NA	NA	NA	NA	NA	NA
Betriebswirtschaftliche Forschung und Praxis	NA	NA	NA	NA	NA	0	Business Studies	NA	NA	NA	NA	NA	NA
Biodemography and Social Biology	NA	NA	1	NA	NA	NA	NA	NA	NA	NA	NA	NA	NA
Biological Psychology	NA	NA	NA	NA	NA	NA	NA	1	Psychology	1	3.07	Elsevier	0301-0511
Black Scholar	NA	NA	NA	0	0	NA	NA	NA	NA	NA	NA	NA	NA
Body & Society	NA	NA	1	NA	NA	NA	NA	NA	NA	NA	NA	NA	NA
Body and Society	NA	NA	NA	NA	NA	NA	NA	1	Sociology	1	1.951	SAGE	1357-034X
Bolema-Mathematics Education Bulletin-Boletim de Educacao Matematica	NA	NA	NA	0	0	NA	NA	NA	NA	NA	NA	NA	NA
British Journal of Industrial Relations	NA	NA	NA	NA	NA	1	Economics	NA	NA	NA	NA	NA	NA
British Journal of Management	NA	NA	NA	NA	NA	0	Business Studies	NA	NA	NA	NA	NA	NA
British Journal of Political Science	1	1	NA	NA	NA	NA	NA	1	PoliSci + IR	1	3.316	Cambridge University Press	0007-1234
British Journal of Politics & International Relations	NA	0	NA	NA	NA	NA	NA	NA	NA	NA	NA	NA	NA
British Journal of Psychiatry	NA	NA	NA	1	1	NA	NA	NA	NA	NA	NA	NA	NA
British Journal of Sociology	NA	NA	0	NA	NA	NA	NA	1	Sociology	1	1.594	Wiley	0007-1315
British Journal of Sociology of Education	NA	NA	1	NA	NA	NA	NA	1	Sociology	1	1.324	Taylor & Francis	0142-5692
Brookings Papers	NA	NA	NA	NA	NA	1	Economics	NA	NA	NA	NA	NA	NA
Business & Society	NA	NA	NA	NA	NA	0	Business Studies	NA	NA	NA	NA	NA	NA
Business Ethics Quarterly	NA	NA	NA	NA	NA	0	Business Studies	NA	NA	NA	NA	NA	NA
Business Research	NA	NA	NA	NA	NA	1	Business Studies	NA	NA	NA	NA	NA	NA
Business Strategy and the Environment	NA	NA	NA	NA	NA	0	Business Studies	NA	NA	NA	NA	NA	NA
Calidoscopio	NA	NA	NA	0	0	NA	NA	NA	NA	NA	NA	NA	NA
California Management Review	NA	NA	NA	NA	NA	0	Business Studies	NA	NA	NA	NA	NA	NA
Cambridge Journal of Economics	NA	NA	NA	NA	NA	1	Economics	NA	NA	NA	NA	NA	NA
Cambridge Journal of Regions Economy and Society	NA	NA	NA	NA	NA	NA	NA	1	Economics	2	3.508	Oxford University Press	1752-1378
Cambridge Review of International Affairs	NA	0	NA	NA	NA	NA	NA	NA	NA	NA	NA	NA	NA
Canadian Journal of Economics	NA	NA	NA	NA	NA	1	Economics	NA	NA	NA	NA	NA	NA
Canadian Journal of Political Science-Revue Canadienne de Science Politique	NA	0	NA	NA	NA	NA	NA	NA	NA	NA	NA	NA	NA
Canadian Journal of Sociology-Cahiers Canadiens de Sociologie	NA	NA	0	NA	NA	NA	NA	NA	NA	NA	NA	NA	NA
Canadian Review of Sociology-Revue Canadienne de Sociologie	NA	NA	1	NA	NA	NA	NA	NA	NA	NA	NA	NA	NA
Cato Journal	NA	NA	NA	NA	NA	0	Other	NA	NA	NA	NA	NA	NA
Central European Political Studies Review	NA	0	NA	NA	NA	NA	NA	NA	NA	NA	NA	NA	NA
Centro Journal	NA	NA	NA	0	0	NA	NA	NA	NA	NA	NA	NA	NA
CESifo Economic Studies	NA	NA	NA	NA	NA	1	Economics	NA	NA	NA	NA	NA	NA
Child Development	NA	NA	NA	0	0	NA	NA	NA	NA	NA	NA	NA	NA
Chinese Sociological Review	NA	NA	0	NA	NA	NA	NA	0	Sociology	0	1.476	Taylor & Francis	2162-0555
Chinese Sociology and Anthropology	NA	NA	NA	0	0	NA	NA	NA	NA	NA	NA	NA	NA
Circulo de Linguistica Aplicada A La Comunicacion	NA	NA	NA	0	0	NA	NA	NA	NA	NA	NA	NA	NA
Citizenship Studies	NA	0	NA	NA	NA	NA	NA	NA	NA	NA	NA	NA	NA
City & Community	NA	NA	1	NA	NA	NA	NA	NA	NA	NA	NA	NA	NA
Clinical Eeg and Neuroscience	NA	NA	NA	NA	NA	NA	NA	1	Psychology	1	2.163	SAGE	1550-0594
Clinical Neuropsychologist	NA	NA	NA	NA	NA	NA	NA	0	Psychology	0	1.564	Taylor & Francis	1385-4046
Clinical Psychology Review	NA	NA	NA	1	1	NA	NA	NA	NA	NA	NA	NA	NA
Cliometrica	NA	NA	NA	NA	NA	NA	NA	1	History	1	1.192	Springer	1863-2505
Cognitive Psychology	NA	NA	NA	1	1	NA	NA	1	Psychology	1	3.719	Elsevier	0010-0285
Cold War History	NA	NA	NA	NA	NA	NA	NA	1	History	1	0.517	Taylor and Francis	1468-2745
Common Market Law Review	NA	NA	NA	NA	NA	NA	NA	0	PoliSci + IR	0	2.318	Wolters Kluwer Law and Business	0165-0750
Communist And Post-Communist Studies	NA	1	NA	NA	NA	NA	NA	NA	NA	NA	NA	NA	NA
Comparative European Politics	NA	0	NA	NA	NA	NA	NA	NA	NA	NA	NA	NA	NA
Comparative Political Studies	0	0	NA	NA	NA	NA	NA	1	PoliSci + IR	2	2.481	SAGE	0010-4140
Comparative Politics	0	0	NA	NA	NA	NA	NA	NA	NA	NA	NA	NA	NA
Comparative Studies in Society and History	NA	NA	1	NA	NA	NA	NA	0	"Anthropology, History"	0	0.956	Cambridge University Press	0010-4175
Constitutional Political Economy	NA	NA	NA	NA	NA	0	Economics	NA	NA	NA	NA	NA	NA
Contemporary Accounting Research/Recherche Comptable Contemporaine	NA	NA	NA	NA	NA	0	Business Studies	NA	NA	NA	NA	NA	NA
Contemporary European History	NA	NA	NA	NA	NA	NA	NA	0	History	0	0.406	Cambridge University Press	0960-7773
Contemporary Sociology	NA	NA	NA	NA	NA	NA	NA	0	Sociology	0	1.857	SAGE	0094-3061
Contemporary Sociology-A Journal of Reviews	NA	NA	1	NA	NA	NA	NA	NA	NA	NA	NA	NA	NA
Contributions To Indian Sociology	NA	NA	1	NA	NA	NA	NA	NA	NA	NA	NA	NA	NA
Convergencia-Revista de Ciencias Sociales	NA	NA	0	0	0	NA	NA	NA	NA	NA	NA	NA	NA
Cooperation and Conflict	NA	0	NA	NA	NA	NA	NA	NA	NA	NA	NA	NA	NA
Cornell Hospitality Quarterly	NA	NA	1	NA	NA	NA	NA	0	Sociology	0	2.657	SAGE	1938-9655
Crime Media Culture	NA	NA	1	NA	NA	NA	NA	NA	NA	NA	NA	NA	NA
Critical Perspectives on Accounting	NA	NA	NA	NA	NA	0	Business Studies	NA	NA	NA	NA	NA	NA
Croatian Political Science Review	NA	0	NA	NA	NA	NA	NA	NA	NA	NA	NA	NA	NA
Cultural Anthropology	NA	NA	NA	NA	NA	NA	NA	0	Anthropology	0	2.603	American Anthropological Association	0886-7356
Cultural Sociology	NA	NA	1	NA	NA	NA	NA	NA	NA	NA	NA	NA	NA
Cultural Studies	NA	NA	NA	NA	NA	NA	NA	1	Anthropology	1	1	Taylor & Francis	0950-2386
"Culture, Medicine, and Psychiatry"	NA	NA	NA	NA	NA	NA	NA	1	Anthropology	1	1.016	Springer	0165-005X
Current Anthropology	NA	NA	NA	NA	NA	NA	NA	1	Anthropology	1	1.925	University of Chicago Press	4765-8300
Current Directions in Psychological Science	NA	NA	NA	0	0	NA	NA	NA	NA	NA	NA	NA	NA
Current Perspectives in Social Theory	NA	NA	0	NA	NA	NA	NA	NA	NA	NA	NA	NA	NA
Current Sociology	NA	NA	1	NA	NA	NA	NA	0	Sociology	0	1.78	SAGE	0011-3921
Czech Journal of Political Science	NA	0	NA	NA	NA	NA	NA	NA	NA	NA	NA	NA	NA
Decision Sciences	NA	NA	NA	NA	NA	0	Business Studies	NA	NA	NA	NA	NA	NA
Democratization	NA	0	NA	NA	NA	NA	NA	NA	NA	NA	NA	NA	NA
Depression and Anxiety	NA	NA	NA	0	0	NA	NA	0	Psychology	0	4.971	Wiley	1091-4269
Development and Psychopathology	NA	NA	NA	0	0	NA	NA	NA	NA	NA	NA	NA	NA
Developmental Neuropsychology	NA	NA	NA	NA	NA	NA	NA	0	Psychology	0	1.813	Taylor & Francis	8756-5641
Developmental Psychobiology	NA	NA	NA	NA	NA	NA	NA	0	Psychology	0	2.392	Wiley	0012-1630
Developmental Science	NA	NA	NA	1	1	NA	NA	NA	NA	NA	NA	NA	NA
Deviance Et Societe	NA	NA	0	NA	NA	NA	NA	NA	NA	NA	NA	NA	NA
Deviant Behavior	NA	NA	1	NA	NA	NA	NA	NA	NA	NA	NA	NA	NA
Diplomatic History	NA	NA	NA	NA	NA	NA	NA	0	History	0	0.689	Oxford Academic	0145-2096
Discourse & Society	NA	NA	1	NA	NA	NA	NA	NA	NA	NA	NA	NA	NA
Drustvena Istrazivanja	NA	NA	0	NA	NA	NA	NA	NA	NA	NA	NA	NA	NA
Du Bois Review-Social Science Research On Race	NA	NA	1	NA	NA	NA	NA	NA	NA	NA	NA	NA	NA
East European Politics And Societies	NA	0	NA	NA	NA	NA	NA	NA	NA	NA	NA	NA	NA
Eastern European Countryside	NA	NA	0	NA	NA	NA	NA	NA	NA	NA	NA	NA	NA
Ecological Economics	NA	NA	NA	NA	NA	1	Economics	1	Economics	1	2.965	Elsevier	0921-8009
Econometrica	NA	NA	NA	NA	NA	1	Economics	1	Economics	2	3.379	Wiley	0012-9682
Econometrics Journal	NA	NA	NA	NA	NA	1	Economics	NA	NA	NA	NA	NA	NA
Economia Mexicana. Nueva Epoca	NA	NA	NA	0	0	NA	NA	NA	NA	NA	NA	NA	NA
Economic and Social Review	NA	NA	0	NA	NA	NA	NA	NA	NA	NA	NA	NA	NA
Economic Geography	NA	NA	NA	0	0	NA	NA	0	Economics	0	5.344	Taylor & Francis	0013-0095
Economic History Review	NA	NA	NA	NA	NA	NA	NA	0	History	0	1.233	Wiley	0013-0117
Economic Inquiry	NA	NA	NA	NA	NA	0	Economics	NA	NA	NA	NA	NA	NA
Economic Journal	NA	NA	NA	NA	NA	0	Economics	1	Economics	2	2.608	Wiley	0013-0133
Economic Modelling	NA	NA	NA	NA	NA	0	Economics	NA	NA	NA	NA	NA	NA
Economic Policy	NA	NA	NA	NA	NA	0	Economics	1	Economics	1	2.844	Oxford University Press	0266-4658
Economic Record	NA	NA	NA	NA	NA	1	Economics	NA	NA	NA	NA	NA	NA
Economic Systems	NA	NA	NA	NA	NA	0	Economics	NA	NA	NA	NA	NA	NA
Economic Systems Research	NA	NA	NA	NA	NA	NA	NA	1	Economics	1	2.691	Taylor & Francis	0953-5314
Economica	NA	NA	NA	NA	NA	0	Economics	NA	NA	NA	NA	NA	NA
"Economics - The Open-Access, Open-Assessment E-Journal"	NA	NA	NA	NA	NA	1	Economics	NA	NA	NA	NA	NA	NA
Economics Letters	NA	NA	NA	NA	NA	0	Economics	NA	NA	NA	NA	NA	NA
Economy and Society	NA	NA	1	NA	NA	NA	NA	1	Sociology	1	1.882	Taylor & Francis	0308-5147
Eesti Rakenduslingvistika Uhingu Aastaraamat	NA	NA	NA	0	0	NA	NA	NA	NA	NA	NA	NA	NA
Electoral Studies	NA	1	NA	NA	NA	NA	NA	NA	NA	NA	NA	NA	NA
Emotion	NA	NA	NA	1	2	NA	NA	NA	NA	NA	NA	NA	NA
Empirica	NA	NA	NA	NA	NA	0	Economics	NA	NA	NA	NA	NA	NA
Empirical Economics	NA	NA	NA	NA	NA	1	Economics	NA	NA	NA	NA	NA	NA
Energy	NA	NA	NA	NA	NA	NA	NA	0	Economics	0	2.429	Elsevier	0195-6574
Energy Economics	NA	NA	NA	NA	NA	NA	NA	1	Economics	1	3.199	Elsevier	0140-9883
Energy Policy	NA	NA	NA	NA	NA	1	Other	NA	NA	NA	NA	NA	NA
English Historical Review	NA	NA	NA	NA	NA	NA	NA	0	History	0	0.404	Oxford Academic	0013-8266
English in Australia	NA	NA	NA	0	0	NA	NA	NA	NA	NA	NA	NA	NA
English in Education	NA	NA	NA	0	0	NA	NA	NA	NA	NA	NA	NA	NA
Entrepreneurship: Theory and Practice	NA	NA	NA	NA	NA	0	Business Studies	NA	NA	NA	NA	NA	NA
Environment and History	NA	NA	NA	NA	NA	NA	NA	0	History	0	0.659	White Horse Press	0967-3407
Environmental History	NA	NA	NA	NA	NA	NA	NA	0	History	0	0.6	Oxford Academic	1084-5453
Environmental Politics	NA	0	NA	NA	NA	NA	NA	1	PoliSci + IR	1	1.922	Taylor & Francis	0964-4016
Epidemiology	NA	NA	NA	1	1	NA	NA	NA	NA	NA	NA	NA	NA
Ergonomics	NA	NA	NA	NA	NA	NA	NA	0	Psychology	0	1.818	Taylor & Francis	0014-0139
Estudios Constitucionales	NA	NA	NA	0	0	NA	NA	NA	NA	NA	NA	NA	NA
Estudios Filologicos	NA	NA	NA	0	0	NA	NA	NA	NA	NA	NA	NA	NA
Ethical Perspectives	NA	NA	NA	0	0	NA	NA	NA	NA	NA	NA	NA	NA
Ethnic and Racial Studies	NA	NA	1	NA	NA	NA	NA	NA	NA	NA	NA	NA	NA
Ethnography	NA	NA	1	NA	NA	NA	NA	0	Anthropology	0	1.16	SAGE	1466-1381
Ethnology	NA	NA	NA	0	0	NA	NA	NA	NA	NA	NA	NA	NA
Ethnos	NA	NA	NA	NA	NA	NA	NA	1	Anthropology	1	0.946	Taylor & Francis	0014-1844
Ethos	NA	NA	NA	NA	NA	NA	NA	1	Anthropology	1	0.881	Wiley	0091-2131
Europe-Asia Studies	NA	0	NA	NA	NA	NA	NA	NA	NA	NA	NA	NA	NA
European Accounting Review	NA	NA	NA	NA	NA	1	Business Studies	NA	NA	NA	NA	NA	NA
European Economic Review	NA	NA	NA	NA	NA	1	Economics	NA	NA	NA	NA	NA	NA
European Financial Management	NA	NA	NA	NA	NA	0	Business Studies	NA	NA	NA	NA	NA	NA
European History Quarterly	NA	NA	NA	NA	NA	NA	NA	0	History	0	0.341	SAGE	0265-6914
European Journal of International Management	NA	NA	NA	NA	NA	0	Business Studies	NA	NA	NA	NA	NA	NA
European Journal of International Relations	0	NA	NA	NA	NA	NA	NA	1	PoliSci + IR	1	2.277	SAGE	1354-0661
European Journal of Law and Economics	NA	NA	NA	NA	NA	0	Economics	NA	NA	NA	NA	NA	NA
European Journal of Political Economy	NA	NA	NA	NA	NA	0	Economics	NA	NA	NA	NA	NA	NA
European Journal of Political Research	NA	0	NA	NA	NA	NA	NA	1	PoliSci + IR	2	2.891	Wiley	0304-4130
European Journal of Social Theory	NA	NA	1	NA	NA	NA	NA	NA	NA	NA	NA	NA	NA
European Journal of Work and Organizational Psychology	NA	NA	NA	NA	NA	0	Business Studies	NA	NA	NA	NA	NA	NA
European Societies	NA	NA	1	NA	NA	NA	NA	NA	NA	NA	NA	NA	NA
European Sociological Review	NA	NA	1	NA	NA	NA	NA	1	Sociology	1	2.062	Oxford University Press	0266-7215
European Union Politics	NA	1	NA	NA	NA	NA	NA	1	PoliSci + IR	1	2.052	SAGE	1465-1165
Evolutionary Anthropology	NA	NA	NA	0	0	NA	NA	0	Anthropology	0	3.733	Wiley	1060-1538
Experimental Economics	NA	NA	NA	NA	NA	1	Economics	1	Economics	1	2.391	Springer	1386-4157
Explorations in Economic History	NA	NA	NA	NA	NA	1	Economics	NA	NA	NA	NA	NA	NA
Federal Reserve Bank of St. Louis Review	NA	NA	NA	NA	NA	0	Economics	NA	NA	NA	NA	NA	NA
Field Methods	NA	NA	NA	NA	NA	NA	NA	1	Anthropology	1	1.346	SAGE	1525-822X
Filosofija-Sociologija	NA	NA	0	NA	NA	NA	NA	NA	NA	NA	NA	NA	NA
Finance and Stochastics	NA	NA	NA	NA	NA	0	Business Studies	NA	NA	NA	NA	NA	NA
Finance Research Letters	NA	NA	NA	NA	NA	0	Business Studies	NA	NA	NA	NA	NA	NA
Financial Analysts Journal	NA	NA	NA	NA	NA	0	Business Studies	NA	NA	NA	NA	NA	NA
FinanzArchiv	NA	NA	NA	NA	NA	0	Economics	NA	NA	NA	NA	NA	NA
Food Culture & Society	NA	NA	0	NA	NA	NA	NA	NA	NA	NA	NA	NA	NA
Food Policy	NA	NA	NA	NA	NA	NA	NA	1	Economics	1	3.086	Elsevier	0306-9192
Foreign Affairs	0	NA	NA	NA	NA	NA	NA	0	PoliSci + IR	0	2.536	Council on Foreign Relations	0015-7120
Foreign Policy	0	NA	NA	NA	NA	NA	NA	NA	NA	NA	NA	NA	NA
Forum-A Journal of Applied Research in Contemporary Politics	NA	0	NA	NA	NA	NA	NA	NA	NA	NA	NA	NA	NA
French History	NA	NA	NA	NA	NA	NA	NA	0	History	0	0.271	Oxford Academic	0269-1191
Frontiers in Human Neuroscience	NA	NA	NA	NA	NA	NA	NA	1	Psychology	2	3.209	Frontiers	1662-5161
Games and Economic Behavior	NA	NA	NA	NA	NA	0	Economics	NA	NA	NA	NA	NA	NA
Gender & Society	NA	NA	1	NA	NA	NA	NA	NA	NA	NA	NA	NA	NA
Gender and Society	NA	NA	NA	NA	NA	NA	NA	0	Sociology	0	2.765	SAGE	0891-2432
Geneva Papers on Risk and Insurance: Issues and Practice	NA	NA	NA	NA	NA	1	Business Studies	NA	NA	NA	NA	NA	NA
Geographische Zeitschrift	NA	NA	NA	0	0	NA	NA	NA	NA	NA	NA	NA	NA
Geopolitics	NA	0	NA	NA	NA	NA	NA	NA	NA	NA	NA	NA	NA
German Economic Review	NA	NA	NA	NA	NA	0	Economics	NA	NA	NA	NA	NA	NA
German History	NA	NA	NA	NA	NA	NA	NA	0	History	0	0.382	Oxford Academic	0266-3554
German Studies Review	NA	NA	NA	0	0	NA	NA	NA	NA	NA	NA	NA	NA
Global Environmental Change-Human and Policy Dimensions	NA	NA	NA	1	1	NA	NA	NA	NA	NA	NA	NA	NA
Global Environmental Politics	NA	0	NA	NA	NA	NA	NA	0	PoliSci + IR	0	2.036	MIT Press	1526-3800
Global Networks	NA	NA	NA	NA	NA	NA	NA	0	"Anthropology, Sociology"	0	1.359	Wiley	1470-2266
Global Networks-A Journal of Transnational Affairs	NA	NA	1	NA	NA	NA	NA	NA	NA	NA	NA	NA	NA
Governance	NA	0	NA	NA	NA	NA	NA	0	PoliSci + IR	0	2.603	Wiley	0952-1895
Government And Opposition	NA	0	NA	NA	NA	NA	NA	NA	NA	NA	NA	NA	NA
Govor	NA	NA	NA	0	0	NA	NA	NA	NA	NA	NA	NA	NA
Greek Political Science Review	NA	0	NA	NA	NA	NA	NA	NA	NA	NA	NA	NA	NA
Group Decision and Negotiation	NA	NA	NA	NA	NA	0	Business Studies	NA	NA	NA	NA	NA	NA
Gruppendynamik Und Organisationsberatung	NA	NA	NA	0	0	NA	NA	NA	NA	NA	NA	NA	NA
Harvard Law Review	NA	NA	NA	0	0	NA	NA	NA	NA	NA	NA	NA	NA
Health Affairs	NA	NA	NA	1	1	NA	NA	NA	NA	NA	NA	NA	NA
Health Care Management Review	NA	NA	NA	NA	NA	0	Other	NA	NA	NA	NA	NA	NA
Health Care Management Science	NA	NA	NA	NA	NA	0	Other	NA	NA	NA	NA	NA	NA
Health Economics	NA	NA	NA	NA	NA	0	Economics	NA	NA	NA	NA	NA	NA
Health Policy	NA	NA	NA	NA	NA	0	Other	NA	NA	NA	NA	NA	NA
Health Psychology	NA	NA	NA	1	2	NA	NA	1	Psychology	2	3.458	APA	0278-6133
Health Sociology Review	NA	NA	0	NA	NA	NA	NA	NA	NA	NA	NA	NA	NA
Hispanic American Historical Review	NA	NA	NA	NA	NA	NA	NA	0	History	0	0.517	Duke University Press	0018-2168
Historia Agraria	NA	NA	NA	NA	NA	NA	NA	0	History	0	0.4	Sociedad de Estudios de Historia Agraria – Universidad de Murcia	1139-1472
Historia y Política	NA	NA	NA	NA	NA	NA	NA	0	History	0	0.25	Universad Compultense Madrid – Centro de Estudios Políticos y Constitucionales	1575-0361
Historical Journal	NA	NA	NA	NA	NA	NA	NA	0	History	0	0.374	Cambridge University Press	0018-246X
Historical Methods	NA	NA	NA	NA	NA	NA	NA	0	History	0	0.545	Taylor and Francis	0161-5440
Historical Social Research – Historische Sozialforschung	NA	NA	NA	NA	NA	NA	NA	1	History	1	0.276	GESIS - Leibniz Institute for the Social Sciences	0172-6404
History and Theory	NA	NA	NA	NA	NA	NA	NA	0	History	0	0.918	Wiley – Wesleyan University	0018-2656
History Workshop Journal	NA	NA	NA	NA	NA	NA	NA	0	History	0	0.538	Oxford Academic	1363-3554
Hitotsubashi Journal of Economics	NA	NA	NA	0	0	NA	NA	NA	NA	NA	NA	NA	NA
Human Biology	NA	NA	NA	NA	NA	NA	NA	0	Anthropology	0	0.825	Wayne State University Present	0018-7143
Human Ecology	NA	NA	1	NA	NA	NA	NA	1	"Anthropology, Sociology"	2	1.743	Springer	0300-7839
Human Ecology Review	NA	NA	0	NA	NA	NA	NA	NA	NA	NA	NA	NA	NA
Human Factors	NA	NA	NA	NA	NA	NA	NA	0	Psychology	0	1.99	SAGE	0018-7208
Human Movement Science	NA	NA	NA	NA	NA	NA	NA	1	Psychology	1	1.841	Elsevier	0167-9457
Human Nature	NA	NA	NA	NA	NA	NA	NA	1	Anthropology	1	2.661	Springer	1045-6767
Human Organization	NA	NA	NA	NA	NA	NA	NA	0	Anthropology	0	1.304	Society for Applied Anthropology	0018-7259
Human Performance	NA	NA	NA	NA	NA	0	Other	NA	NA	NA	NA	NA	NA
Human Psychopharmacology – Clinical and Experimental	NA	NA	NA	NA	NA	NA	NA	1	Psychology	1	2.211	Wiley	0885-6222
Human Relations	NA	NA	NA	NA	NA	0	Business Studies	NA	NA	NA	NA	NA	NA
Human Resource Management	NA	NA	NA	NA	NA	0	Business Studies	NA	NA	NA	NA	NA	NA
Human Resource Management Journal	NA	NA	NA	NA	NA	0	Business Studies	NA	NA	NA	NA	NA	NA
Human Rights Quarterly	0	0	NA	NA	NA	NA	NA	NA	NA	NA	NA	NA	NA
Human Studies	NA	NA	1	NA	NA	NA	NA	NA	NA	NA	NA	NA	NA
IEEE Transactions on Engineering Management	NA	NA	NA	NA	NA	0	Business Studies	NA	NA	NA	NA	NA	NA
Independent Review	NA	0	NA	NA	NA	NA	NA	NA	NA	NA	NA	NA	NA
Indian Journal of Social Work	NA	NA	NA	0	0	NA	NA	NA	NA	NA	NA	NA	NA
Indogermanische Forschungen	NA	NA	NA	0	0	NA	NA	NA	NA	NA	NA	NA	NA
Industrial and Labor Relations Review	NA	NA	NA	NA	NA	1	Economics	NA	NA	NA	NA	NA	NA
Industrial Relations	NA	NA	NA	NA	NA	0	Other	NA	NA	NA	NA	NA	NA
Industry & Innovation	NA	NA	NA	NA	NA	0	Economics	NA	NA	NA	NA	NA	NA
Informacao & Sociedade-Estudos	NA	NA	NA	0	0	NA	NA	NA	NA	NA	NA	NA	NA
Information Communication and Society	NA	NA	1	NA	NA	NA	NA	1	Sociology	1	2.692	Taylor & Francis	1369-118X
Information Economics and Policy	NA	NA	NA	NA	NA	0	Economics	NA	NA	NA	NA	NA	NA
Innovar-Revista de Ciencias Administrativas Y Sociales	NA	NA	NA	0	0	NA	NA	NA	NA	NA	NA	NA	NA
Innovation-The European Journal of Social Science Research	NA	NA	1	NA	NA	NA	NA	NA	NA	NA	NA	NA	NA
Insurance: Mathematics and Economics	NA	NA	NA	NA	NA	0	Economics	NA	NA	NA	NA	NA	NA
Intereconomics	NA	NA	NA	NA	NA	0	Economics	NA	NA	NA	NA	NA	NA
Internasjonal Politikk	NA	0	NA	NA	NA	NA	NA	NA	NA	NA	NA	NA	NA
International Affairs	0	NA	NA	NA	NA	NA	NA	0	PoliSci + IR	0	1.935	Oxford University Press	0020-5850
International Business Review	NA	NA	NA	NA	NA	0	Business Studies	NA	NA	NA	NA	NA	NA
International Economic Review	NA	NA	NA	NA	NA	1	Economics	NA	NA	NA	NA	NA	NA
International Environmental Agreements-Politics Law And Economics	NA	0	NA	NA	NA	NA	NA	NA	NA	NA	NA	NA	NA
International Insolvency Review	NA	NA	NA	0	0	NA	NA	NA	NA	NA	NA	NA	NA
International Journal of Business Performance Management	NA	NA	NA	NA	NA	0	Business Studies	NA	NA	NA	NA	NA	NA
International Journal of Business Strategy	NA	NA	NA	NA	NA	0	Business Studies	NA	NA	NA	NA	NA	NA
International Journal of Comparative Sociology	NA	NA	1	NA	NA	NA	NA	NA	NA	NA	NA	NA	NA
International Journal of Conflict Management	NA	0	NA	NA	NA	NA	NA	NA	NA	NA	NA	NA	NA
International Journal of Consumer Studies (formerly: Journal of Consumer Studies and Home Economics)	NA	NA	NA	NA	NA	0	Business Studies	NA	NA	NA	NA	NA	NA
International Journal of Cross Cultural Management	NA	NA	NA	NA	NA	0	Business Studies	NA	NA	NA	NA	NA	NA
International Journal of Eating Disorders	NA	NA	NA	NA	NA	NA	NA	1	Psychology	1	3.567	Wiley	0276-3478
International Journal of Electronic Business	NA	NA	NA	NA	NA	0	Business Studies	NA	NA	NA	NA	NA	NA
International Journal of Energy Sector Management	NA	NA	NA	NA	NA	0	Business Studies	NA	NA	NA	NA	NA	NA
International Journal of Entrepreneurial Behaviour and Research	NA	NA	NA	NA	NA	0	Business Studies	NA	NA	NA	NA	NA	NA
International Journal of Finance	NA	NA	NA	NA	NA	0	Business Studies	NA	NA	NA	NA	NA	NA
International Journal of Forecasting	NA	NA	NA	NA	NA	1	Economics	0	Economics	0	2.642	Elsevier	0169-2070
International Journal of Human Resource Management	NA	NA	NA	NA	NA	0	Business Studies	NA	NA	NA	NA	NA	NA
International Journal of Industrial Organization	NA	NA	NA	NA	NA	0	Economics	NA	NA	NA	NA	NA	NA
International Journal of Innovation and Sustainable Development	NA	NA	NA	NA	NA	0	Economics	NA	NA	NA	NA	NA	NA
International Journal of Innovation Management	NA	NA	NA	NA	NA	0	Other	NA	NA	NA	NA	NA	NA
International Journal of Intercultural Relations	NA	NA	1	NA	NA	NA	NA	NA	NA	NA	NA	NA	NA
International Journal of Management Reviews	NA	NA	NA	1	1	NA	NA	NA	NA	NA	NA	NA	NA
International Journal of Osteoarchaeology	NA	NA	NA	NA	NA	NA	NA	1	Anthropology	1	1.038	Wiley	1047-482X
International Journal of Physical Distribution and Logistics Management	NA	NA	NA	NA	NA	0	Business Studies	NA	NA	NA	NA	NA	NA
International Journal of Press-Politics	NA	0	NA	NA	NA	NA	NA	NA	NA	NA	NA	NA	NA
International Journal of Production Economics	NA	NA	NA	NA	NA	0	Business Studies	NA	NA	NA	NA	NA	NA
International Journal of Project Organization and Management Science	NA	NA	NA	NA	NA	0	Business Studies	NA	NA	NA	NA	NA	NA
International Journal of Psychophysiology	NA	NA	NA	NA	NA	NA	NA	1	Psychology	1	2.582	Elsevier	0167-8760
International Journal of Research in Marketing	NA	NA	NA	NA	NA	0	Business Studies	NA	NA	NA	NA	NA	NA
International Journal of Retail and Distribution Management (formerly: International Journal of Retailing)	NA	NA	NA	NA	NA	0	Business Studies	NA	NA	NA	NA	NA	NA
International Journal of Social Economics	NA	NA	NA	NA	NA	0	Other	NA	NA	NA	NA	NA	NA
International Journal of Sports Marketing & Sponsorship	NA	NA	NA	0	0	NA	NA	NA	NA	NA	NA	NA	NA
International Journal of the History of Sport	NA	NA	NA	NA	NA	NA	NA	1	History	1	0.326	Taylor and Francis	0952-3367
International Journal of Theoretical and Applied Finance	NA	NA	NA	NA	NA	0	Business Studies	NA	NA	NA	NA	NA	NA
International Journal of Urological Nursing	NA	NA	NA	0	0	NA	NA	NA	NA	NA	NA	NA	NA
International Labor and Working-Class History	NA	NA	NA	NA	NA	NA	NA	0	History	0	0.308	Cambridge University Press	0147-5479
International Labour Review	NA	NA	NA	NA	NA	0	Economics	NA	NA	NA	NA	NA	NA
International Organization	1	NA	NA	NA	NA	1	Other	1	PoliSci + IR	2	3.406	Cambridge University Press	0020-8183
International Political Science Review	NA	1	NA	NA	NA	NA	NA	NA	NA	NA	NA	NA	NA
International Political Sociology	NA	NA	1	NA	NA	NA	NA	0	"PoliSci + IR, Sociology"	0	1.952	Oxford University Press	1749-5679
International Psychogeriatrics	NA	NA	NA	NA	NA	NA	NA	1	Psychology	1	2.423	Cambridge University Press	1041-6102
International Public Management Journal	NA	NA	NA	NA	NA	0	Business Studies	NA	NA	NA	NA	NA	NA
International Review For The Sociology of Sport	NA	NA	1	NA	NA	NA	NA	NA	NA	NA	NA	NA	NA
International Review of Law and Economics	NA	NA	NA	NA	NA	0	Economics	NA	NA	NA	NA	NA	NA
International Security	0	NA	NA	NA	NA	NA	NA	0	PoliSci + IR	0	3.39	MIT Press	0162-2889
International Sociology	NA	NA	1	NA	NA	NA	NA	NA	NA	NA	NA	NA	NA
International Studies Quarterly	1	0	NA	NA	NA	NA	NA	1	PoliSci + IR	2	1.925	Oxford University Press	0020-8833
International Tax and Public Finance	NA	NA	NA	NA	NA	0	Economics	NA	NA	NA	NA	NA	NA
International Theory	NA	NA	NA	NA	NA	NA	NA	0	PoliSci + IR	0	2.174	Cambridge University Press	1752-9719
Internationale Politik	NA	0	NA	NA	NA	NA	NA	NA	NA	NA	NA	NA	NA
Interventions	NA	NA	NA	NA	NA	NA	NA	0	History	0	0.344	Taylor and Francis	1369-801X
Iranian Studies	NA	NA	NA	0	0	NA	NA	NA	NA	NA	NA	NA	NA
Irish Political Studies Journal	NA	0	NA	NA	NA	NA	NA	NA	NA	NA	NA	NA	NA
Issues & Studies	NA	0	NA	NA	NA	NA	NA	NA	NA	NA	NA	NA	NA
Jahrbuch für Regionalwissenschaft	NA	NA	NA	NA	NA	0	Economics	NA	NA	NA	NA	NA	NA
Jahrbuch für Wirtschaftswissenschaften / Review of Economics	NA	NA	NA	NA	NA	1	Economics	NA	NA	NA	NA	NA	NA
Jahrbuch Strategisches Kompetenzmanagement	NA	NA	NA	NA	NA	0	Business Studies	NA	NA	NA	NA	NA	NA
Jahrbücher Nationalökonomie und Statistik	NA	NA	NA	NA	NA	1	Economics	NA	NA	NA	NA	NA	NA
Jassa	NA	NA	NA	0	0	NA	NA	NA	NA	NA	NA	NA	NA
Jezikoslovlje	NA	NA	NA	0	0	NA	NA	NA	NA	NA	NA	NA	NA
Journal For The Scientific Study of Religion	NA	NA	1	NA	NA	NA	NA	NA	NA	NA	NA	NA	NA
Journal für Betriebswirtschaft	NA	NA	NA	NA	NA	0	Business Studies	NA	NA	NA	NA	NA	NA
Journal of Abnormal Psychology	NA	NA	NA	1	2	NA	NA	NA	NA	NA	NA	NA	NA
Journal of Accounting and Economics	NA	NA	NA	NA	NA	0	Economics	0	Economics	0	3.839	Elsevier	0165-4101
Journal of Accounting and Organizational Change	NA	NA	NA	NA	NA	0	Business Studies	NA	NA	NA	NA	NA	NA
Journal of Accounting and Public Policy	NA	NA	NA	NA	NA	0	Business Studies	NA	NA	NA	NA	NA	NA
Journal of Accounting Research	NA	NA	NA	NA	NA	0	Business Studies	NA	NA	NA	NA	NA	NA
"Journal of Accounting, Auditing and Finance"	NA	NA	NA	NA	NA	0	Economics	NA	NA	NA	NA	NA	NA
Journal of African History	NA	NA	NA	NA	NA	NA	NA	0	History	0	0.767	Cambridge University Press	0021-8537
Journal of African Languages and Linguistics	NA	NA	NA	0	0	NA	NA	NA	NA	NA	NA	NA	NA
Journal of African Law	NA	NA	NA	0	0	NA	NA	NA	NA	NA	NA	NA	NA
Journal of Agrarian Change	NA	NA	NA	NA	NA	NA	NA	0	Economics	0	2.345	Wiley	1471-0358
Journal of American History	NA	NA	NA	NA	NA	NA	NA	0	History	0	1.043	Organization for American History	0021-8723
Journal of Anthropological Archaeology	NA	NA	NA	NA	NA	NA	NA	1	Anthropology	2	1.667	Elsevier	0278-4165
Journal of Anthropological Sciences	NA	NA	NA	NA	NA	NA	NA	1	Anthropology	2	4	Istituto Italiano di Antropologia	1827-4765
Journal of Applied Behavioral Science	NA	NA	NA	NA	NA	0	Business Studies	NA	NA	NA	NA	NA	NA
Journal of Applied Business Research	NA	NA	NA	NA	NA	0	Business Studies	NA	NA	NA	NA	NA	NA
Journal of Applied Corporate Finance	NA	NA	NA	NA	NA	0	Business Studies	NA	NA	NA	NA	NA	NA
Journal of Applied Psychology	NA	NA	NA	1	2	0	Business Studies	NA	NA	NA	NA	NA	NA
Journal of Archaeological Method and Theory	NA	NA	NA	NA	NA	NA	NA	1	Anthropology	1	2.667	Springer	1072-5369
Journal of Archaeological Research	NA	NA	NA	NA	NA	NA	NA	1	Anthropology	1	3.333	Springer	1059-0161
Journal of Archaeological Science	NA	NA	NA	NA	NA	NA	NA	1	Anthropology	2	2.602	Elsevier	0305-4403
Journal of Asset Management	NA	NA	NA	NA	NA	1	Business Studies	NA	NA	NA	NA	NA	NA
Journal of Baltic Studies	NA	0	NA	NA	NA	NA	NA	NA	NA	NA	NA	NA	NA
Journal of Banking and Finance	NA	NA	NA	NA	NA	0	Economics	NA	NA	NA	NA	NA	NA
Journal of British Studies	NA	NA	NA	NA	NA	NA	NA	1	History	1	0.6	Cambridge University Press	0021-9371
Journal of Business and Economic Statistics	NA	NA	NA	NA	NA	1	Economics	NA	NA	NA	NA	NA	NA
Journal of Business Finance and Accounting	NA	NA	NA	NA	NA	0	Business Studies	NA	NA	NA	NA	NA	NA
Journal of Business Logistics	NA	NA	NA	NA	NA	0	Business Studies	NA	NA	NA	NA	NA	NA
Journal of Business Market Management (NEU/ERSATZ)	NA	NA	NA	NA	NA	0	Business Studies	NA	NA	NA	NA	NA	NA
Journal of Business Research	NA	NA	NA	NA	NA	0	Business Studies	NA	NA	NA	NA	NA	NA
Journal of Business Venturing	NA	NA	NA	NA	NA	0	Business Studies	NA	NA	NA	NA	NA	NA
Journal of Child Psychology and Psychiatry	NA	NA	NA	1	2	NA	NA	1	Psychology	2	6.226	Wiley	0021-9630
Journal of Clinical and Experimental Neuropsychology	NA	NA	NA	NA	NA	NA	NA	0	Psychology	0	1.839	Taylor & Francis	1380-3395
Journal of Clinical Psychiatry	NA	NA	NA	1	1	NA	NA	NA	NA	NA	NA	NA	NA
Journal of Cognitive Neuroscience	NA	NA	NA	0	0	NA	NA	NA	NA	NA	NA	NA	NA
Journal of Common Market Studies	0	0	NA	NA	NA	0	Economics	1	PoliSci + IR	1	2.243	Wiley	0021-9886
Journal of Comparative Economics	NA	NA	NA	NA	NA	0	Economics	NA	NA	NA	NA	NA	NA
Journal of Comparative Psychology	NA	NA	NA	NA	NA	NA	NA	1	Psychology	2	2.268	APA	0735-7036
Journal of Computational Finance	NA	NA	NA	NA	NA	0	Business Studies	NA	NA	NA	NA	NA	NA
Journal of Conflict Resolution	1	1	NA	NA	NA	NA	NA	1	PoliSci + IR	2	2.947	SAGE	0022-0027
Journal of Consulting and Clinical Psychology	NA	NA	NA	1	2	NA	NA	NA	NA	NA	NA	NA	NA
Journal of Consumer Culture	NA	NA	1	NA	NA	NA	NA	0	Sociology	0	3.579	SAGE	1469-5405
Journal of Consumer Psychology	NA	NA	NA	NA	NA	1	Business Studies	NA	NA	NA	NA	NA	NA
Journal of Consumer Research	NA	NA	NA	NA	NA	0	Business Studies	NA	NA	NA	NA	NA	NA
"Journal of Consumer Satisfaction, Dissatisfaction and Complaining Behavior"	NA	NA	NA	NA	NA	0	Business Studies	NA	NA	NA	NA	NA	NA
Journal of Contemporary Ethnography	NA	NA	1	NA	NA	NA	NA	0	Sociology	0	1.316	SAGE	0891-2416
Journal of Contemporary History	NA	NA	NA	NA	NA	NA	NA	0	History	0	0.527	SAGE	0022-0094
Journal of Corporate Finance	NA	NA	NA	NA	NA	0	Business Studies	NA	NA	NA	NA	NA	NA
Journal of Credit Risk	NA	NA	NA	NA	NA	0	Business Studies	NA	NA	NA	NA	NA	NA
Journal of Cultural Economics	NA	NA	NA	NA	NA	0	Economics	NA	NA	NA	NA	NA	NA
Journal of Customer Behaviour	NA	NA	NA	NA	NA	0	Business Studies	NA	NA	NA	NA	NA	NA
Journal of Decision Systems	NA	NA	NA	NA	NA	0	Business Studies	NA	NA	NA	NA	NA	NA
Journal of Democracy	NA	0	NA	NA	NA	NA	NA	NA	NA	NA	NA	NA	NA
Journal of Derivatives	NA	NA	NA	NA	NA	0	Economics	NA	NA	NA	NA	NA	NA
Journal of Development Economics	NA	NA	NA	NA	NA	1	Economics	NA	NA	NA	NA	NA	NA
Journal of Early Modern History	NA	NA	NA	NA	NA	NA	NA	0	History	0	1.105	Brill	1385-3783
Journal of Econometrics	NA	NA	NA	NA	NA	0	Economics	NA	NA	NA	NA	NA	NA
Journal of Economic Behavior and Organization	NA	NA	NA	NA	NA	0	Economics	NA	NA	NA	NA	NA	NA
Journal of Economic Development	NA	NA	NA	NA	NA	0	Economics	NA	NA	NA	NA	NA	NA
Journal of Economic Dynamics and Control	NA	NA	NA	NA	NA	1	Economics	NA	NA	NA	NA	NA	NA
Journal of Economic Education	NA	NA	NA	NA	NA	0	Economics	NA	NA	NA	NA	NA	NA
Journal of Economic Geography	NA	NA	NA	NA	NA	NA	NA	0	Economics	0	3.648	Oxford University Press	1468-2702
Journal of Economic Growth	NA	NA	NA	NA	NA	0	Economics	1	Economics	1	3.44	Springer	1381-4338
Journal of Economic History	NA	NA	NA	NA	NA	0	Economics	NA	NA	NA	NA	NA	NA
Journal of Economic Literature	NA	NA	NA	0	0	0	Economics	1	Economics	2	5.22	American Economic Association	0022-0515
Journal of Economic Perspectives	NA	NA	NA	0	0	1	Economics	1	Economics	2	5.727	American Economic Association	0895-3309
Journal of Economic Psychology	NA	NA	NA	NA	NA	0	Economics	NA	NA	NA	NA	NA	NA
Journal of Economic Surveys	NA	NA	NA	NA	NA	0	Economics	NA	NA	NA	NA	NA	NA
Journal of Economic Theory	NA	NA	NA	NA	NA	0	Economics	NA	NA	NA	NA	NA	NA
Journal of Economics (Zeitschrift für Nationalökonomie)	NA	NA	NA	NA	NA	0	Economics	NA	NA	NA	NA	NA	NA
Journal of Economics and Business	NA	NA	NA	NA	NA	0	Economics	NA	NA	NA	NA	NA	NA
Journal of Economics and Management Strategy	NA	NA	NA	NA	NA	0	Economics	NA	NA	NA	NA	NA	NA
Journal of Environmental Economics and Management	NA	NA	NA	NA	NA	1	Economics	NA	NA	NA	NA	NA	NA
Journal of Ethnobiology	NA	NA	NA	NA	NA	NA	NA	0	Anthropology	0	1.217	Society of Ethnobiology	0278-0771
Journal of Euromarketing	NA	NA	NA	NA	NA	0	Business Studies	NA	NA	NA	NA	NA	NA
Journal of European Economic Association	NA	NA	NA	NA	NA	NA	NA	1	Economics	2	2.758	Wiley	1542-4766
Journal of European Public Policy	NA	NA	NA	NA	NA	NA	NA	1	PoliSci + IR	2	2.982	Taylor & Francis	1350-1763
Journal of Evolutionary Economics	NA	NA	NA	NA	NA	0	Economics	NA	NA	NA	NA	NA	NA
Journal of Experimental Psychology – Animal Learning and Cognition	NA	NA	NA	NA	NA	NA	NA	1	Psychology	2	2.132	APA	0097-7403
Journal of Experimental Psychology – Human Perception and Performance	NA	NA	NA	NA	NA	NA	NA	1	Psychology	2	2.287	APA	0096-1630
Journal of Experimental Psychology – Learning Memory and Cognition	NA	NA	NA	NA	NA	NA	NA	1	Psychology	2	2.667	APA	0278-7393
Journal of Experimental Psychology-General	NA	NA	NA	1	2	NA	NA	NA	NA	NA	NA	NA	NA
Journal of Finance	NA	NA	NA	0	0	0	Economics	0	Economics	0	6.043	Wiley	0022-1082
Journal of Financial and Quantitative Analysis	NA	NA	NA	NA	NA	0	Economics	NA	NA	NA	NA	NA	NA
Journal of Financial Economics	NA	NA	NA	1	1	0	Economics	1	Economics	1	4.505	Elsevier	0304-405X
Journal of Financial Intermediation	NA	NA	NA	NA	NA	0	Business Studies	NA	NA	NA	NA	NA	NA
Journal of Financial Markets	NA	NA	NA	NA	NA	0	Business Studies	NA	NA	NA	NA	NA	NA
Journal of Fixed Income	NA	NA	NA	NA	NA	0	Business Studies	NA	NA	NA	NA	NA	NA
Journal of Fluency Disorders	NA	NA	NA	1	1	NA	NA	NA	NA	NA	NA	NA	NA
Journal of Forecasting	NA	NA	NA	NA	NA	0	Economics	NA	NA	NA	NA	NA	NA
Journal of Futures Markets	NA	NA	NA	NA	NA	0	Business Studies	NA	NA	NA	NA	NA	NA
Journal of Global History	NA	NA	NA	NA	NA	NA	NA	1	History	1	0.829	Cambridge University Press	1740-0228
Journal of Health Economics	NA	NA	NA	NA	NA	0	Economics	1	Economics	1	2.373	Elsevier	0167-6296
Journal of Historical Sociology	NA	NA	1	NA	NA	NA	NA	0	History	0	0.553	Wiley	0952-1909
Journal of Human Evolution	NA	NA	NA	1	1	NA	NA	1	Anthropology	1	3.932	Elsevier	0047-2484
Journal of Human Resources	NA	NA	NA	NA	NA	1	Economics	1	Economics	2	4.047	University of Wisconsin Press	0022-166X
Journal of Industrial Economics	NA	NA	NA	NA	NA	0	Economics	NA	NA	NA	NA	NA	NA
Journal of Informetrics	NA	NA	NA	1	1	NA	NA	NA	NA	NA	NA	NA	NA
Journal of Institutional and Theoretical Economics (formerly: Zeitschrift für die gesamte Staatswissenschaft)	NA	NA	NA	NA	NA	0	Economics	NA	NA	NA	NA	NA	NA
Journal of Interactive Marketing	NA	NA	NA	NA	NA	0	Business Studies	NA	NA	NA	NA	NA	NA
Journal of Interdisciplinary History	NA	NA	NA	NA	NA	NA	NA	0	History	0	0.452	MIT Press	0022-1953
Journal of International Accounting Research	NA	NA	NA	NA	NA	1	Business Studies	NA	NA	NA	NA	NA	NA
Journal of International Business Studies	NA	NA	NA	0	0	0	Business Studies	NA	NA	NA	NA	NA	NA
Journal of International Economics (da gibt es noch eins)	NA	NA	NA	NA	NA	0	Economics	NA	NA	NA	NA	NA	NA
Journal of International Management	NA	NA	NA	NA	NA	0	Business Studies	NA	NA	NA	NA	NA	NA
Journal of International Marketing	NA	NA	NA	NA	NA	1	Business Studies	NA	NA	NA	NA	NA	NA
Journal of International Money and Finance	NA	NA	NA	NA	NA	0	Business Studies	NA	NA	NA	NA	NA	NA
Journal of Labor Economics	NA	NA	NA	NA	NA	1	Economics	1	Economics	2	2.887	University of Chicago Press	0734-306X
Journal of Law and Economics	NA	NA	NA	NA	NA	1	Economics	NA	NA	NA	NA	NA	NA
Journal of Law and Society	NA	NA	1	NA	NA	NA	NA	NA	NA	NA	NA	NA	NA
"Journal of Law, Economics and Organization"	NA	NA	NA	NA	NA	1	Economics	NA	NA	NA	NA	NA	NA
Journal of Legislative Studies	NA	0	NA	NA	NA	NA	NA	NA	NA	NA	NA	NA	NA
Journal of Leisure Research	NA	NA	0	NA	NA	NA	NA	NA	NA	NA	NA	NA	NA
Journal of Linguistic Anthropology	NA	NA	NA	NA	NA	NA	NA	0	Anthropology	0	1.469	Wiley	1548-1395
Journal of Macroeconomics	NA	NA	NA	NA	NA	0	Economics	NA	NA	NA	NA	NA	NA
Journal of Management	NA	NA	NA	0	0	0	Business Studies	NA	NA	NA	NA	NA	NA
Journal of Management Accounting Research	NA	NA	NA	NA	NA	1	Business Studies	NA	NA	NA	NA	NA	NA
Journal of Management and Governance	NA	NA	NA	NA	NA	0	Business Studies	NA	NA	NA	NA	NA	NA
Journal of Management Information Systems	NA	NA	NA	NA	NA	0	Business Studies	NA	NA	NA	NA	NA	NA
Journal of Management Inquiry	NA	NA	NA	NA	NA	0	Business Studies	NA	NA	NA	NA	NA	NA
Journal of Management Studies	NA	NA	NA	0	0	0	Business Studies	NA	NA	NA	NA	NA	NA
Journal of Managerial Issues	NA	NA	NA	NA	NA	0	Business Studies	NA	NA	NA	NA	NA	NA
Journal of Managerial Psychology	NA	NA	NA	NA	NA	0	Business Studies	NA	NA	NA	NA	NA	NA
Journal of Manufacturing Technology Management	NA	NA	NA	NA	NA	0	Business Studies	NA	NA	NA	NA	NA	NA
Journal of Marketing	NA	NA	NA	1	1	1	Business Studies	NA	NA	NA	NA	NA	NA
Journal of Marketing Channels	NA	NA	NA	NA	NA	0	Business Studies	NA	NA	NA	NA	NA	NA
Journal of Marketing Research	NA	NA	NA	NA	NA	1	Business Studies	NA	NA	NA	NA	NA	NA
Journal of Marriage and Family	NA	NA	1	NA	NA	NA	NA	0	Sociology	0	2.238	Wiley	0022-2445
Journal of Material Culture	NA	NA	NA	NA	NA	NA	NA	0	Anthropology	0	0.932	SAGE	1359-1835
Journal of Mathematical Economics	NA	NA	NA	NA	NA	0	Economics	NA	NA	NA	NA	NA	NA
Journal of Mathematical Sociology	NA	NA	1	NA	NA	NA	NA	NA	NA	NA	NA	NA	NA
Journal of Media Economics	NA	NA	NA	NA	NA	0	Economics	NA	NA	NA	NA	NA	NA
Journal of Memory and Language	NA	NA	NA	NA	NA	NA	NA	0	Psychology	0	3.065	Elsevier	0749-596X
Journal of Modelling in Management	NA	NA	NA	NA	NA	0	Business Studies	NA	NA	NA	NA	NA	NA
Journal of Modern History	NA	NA	NA	NA	NA	NA	NA	0	History	0	1.061	University of Chicago Press	0022-2801
Journal of Modern Italian Studies	NA	NA	NA	NA	NA	NA	NA	1	History	1	0.394	Taylor and Francis	1354-571X
Journal of Monetary Economics	NA	NA	NA	NA	NA	0	Economics	NA	NA	NA	NA	NA	NA
"Journal of Money, Credit and Banking"	NA	NA	NA	NA	NA	1	Economics	NA	NA	NA	NA	NA	NA
Journal of Multi-Criteria Decision Analysis	NA	NA	NA	NA	NA	0	Other	NA	NA	NA	NA	NA	NA
Journal of Neuropsychology	NA	NA	NA	NA	NA	NA	NA	0	Psychology	0	3.634	Wiley	1748-6645
Journal of Nonprofit and Public Sector Marketing	NA	NA	NA	NA	NA	0	Business Studies	NA	NA	NA	NA	NA	NA
Journal of Operations Management	NA	NA	NA	1	1	0	Business Studies	NA	NA	NA	NA	NA	NA
Journal of Organizational Behavior	NA	NA	NA	0	0	0	Business Studies	NA	NA	NA	NA	NA	NA
Journal of Peace Research	1	1	NA	NA	NA	NA	NA	1	PoliSci + IR	2	2.284	SAGE	0022-3433
Journal of Peasant Studies	NA	NA	NA	NA	NA	NA	NA	1	Anthropology	1	4.149	Taylor & Francis	0306-6150
Journal of Personality and Social Psychology	NA	NA	NA	1	2	NA	NA	NA	NA	NA	NA	NA	NA
Journal of Policy Analysis and Management	NA	NA	NA	NA	NA	NA	NA	1	Economics	2	3.415	Wiley	0276-8739
Journal of Policy History	NA	NA	NA	NA	NA	NA	NA	0	History	0	0.365	Arizona State University	0898-0306
Journal of Political Economy	NA	NA	NA	NA	NA	1	Economics	1	Economics	2	3.923	University of Chicago Press	0022-3808
Journal of Political Philosophy	NA	NA	NA	NA	NA	NA	NA	0	PoliSci + IR	0	2.182	Wiley	0963-8016
Journal of Political Science	NA	0	NA	NA	NA	NA	NA	NA	NA	NA	NA	NA	NA
Journal of Popular Culture	NA	NA	NA	0	0	NA	NA	NA	NA	NA	NA	NA	NA
Journal of Population Economics	NA	NA	NA	NA	NA	0	Economics	NA	NA	NA	NA	NA	NA
Journal of Post-Keynesian Economics	NA	NA	NA	NA	NA	0	Economics	NA	NA	NA	NA	NA	NA
Journal of Product Innovation Management	NA	NA	NA	NA	NA	0	Business Studies	NA	NA	NA	NA	NA	NA
Journal of Psychiatric Research	NA	NA	NA	1	1	NA	NA	NA	NA	NA	NA	NA	NA
Journal of Psychiatry & Neuroscience	NA	NA	NA	0	0	NA	NA	NA	NA	NA	NA	NA	NA
Journal of Public Administration Research and Theory	NA	NA	NA	NA	NA	0	Other	NA	NA	NA	NA	NA	NA
Journal of Public Economic Theory	NA	NA	NA	NA	NA	0	Economics	NA	NA	NA	NA	NA	NA
Journal of Public Economics	NA	NA	NA	NA	NA	0	Economics	NA	NA	NA	NA	NA	NA
Journal of Public Policy and Marketing	NA	NA	NA	NA	NA	1	Business Studies	NA	NA	NA	NA	NA	NA
Journal of Real Estate Research	NA	NA	NA	NA	NA	1	Economics	NA	NA	NA	NA	NA	NA
Journal of Regional Science	NA	NA	NA	NA	NA	0	Economics	NA	NA	NA	NA	NA	NA
Journal of Regulatory Economics	NA	NA	NA	NA	NA	0	Economics	NA	NA	NA	NA	NA	NA
Journal of Retailing	NA	NA	NA	NA	NA	0	Business Studies	NA	NA	NA	NA	NA	NA
Journal of Risk	NA	NA	NA	NA	NA	0	Business Studies	NA	NA	NA	NA	NA	NA
Journal of Risk and Insurance	NA	NA	NA	NA	NA	0	Economics	NA	NA	NA	NA	NA	NA
Journal of Risk and Uncertainty	NA	NA	NA	NA	NA	0	Economics	NA	NA	NA	NA	NA	NA
Journal of Risk Finance	NA	NA	NA	NA	NA	0	Business Studies	NA	NA	NA	NA	NA	NA
Journal of Service Research	NA	NA	NA	NA	NA	0	Business Studies	NA	NA	NA	NA	NA	NA
Journal of Services Marketing	NA	NA	NA	NA	NA	0	Business Studies	NA	NA	NA	NA	NA	NA
Journal of Small Business Management	NA	NA	NA	NA	NA	0	Business Studies	NA	NA	NA	NA	NA	NA
Journal of Social Archaeology	NA	NA	NA	NA	NA	NA	NA	1	Anthropology	1	1.917	SAGE	1469-6053
Journal of Social History	NA	NA	NA	NA	NA	NA	NA	0	History	0	0.364	Oxford Academic	0022-4529
Journal of Sociology	NA	NA	1	NA	NA	NA	NA	NA	NA	NA	NA	NA	NA
Journal of Spanish Cultural Studies	NA	NA	NA	1	1	NA	NA	NA	NA	NA	NA	NA	NA
Journal of Sport & Social Issues	NA	NA	1	NA	NA	NA	NA	NA	NA	NA	NA	NA	NA
Journal of Sport and Exercise Psychology	NA	NA	NA	NA	NA	NA	NA	1	Psychology	2	2.451	Human Kinetics Journals	0895-2779
Journal of Strategic Studies	NA	0	NA	NA	NA	NA	NA	NA	NA	NA	NA	NA	NA
Journal of Studies on Alcohol and Drugs	NA	NA	NA	NA	NA	NA	NA	0	Psychology	0	2.5	"Alcohol Research Documentation, Inc."	1937-1888
Journal of Supply Chain Management (formerly: International Journal of Purchasing and Materials Management)	NA	NA	NA	NA	NA	0	Business Studies	NA	NA	NA	NA	NA	NA
Journal of Technology Transfer	NA	NA	NA	NA	NA	0	Business Studies	NA	NA	NA	NA	NA	NA
Journal of the Academy of Marketing Science	NA	NA	NA	NA	NA	0	Business Studies	NA	NA	NA	NA	NA	NA
Journal of the American Academy of Child and Adolescent Psychiatry	NA	NA	NA	1	1	NA	NA	NA	NA	NA	NA	NA	NA
Journal of the American Geriatrics Society	NA	NA	NA	0	0	NA	NA	NA	NA	NA	NA	NA	NA
Journal of the American Medical Informatics Association	NA	NA	NA	0	0	NA	NA	NA	NA	NA	NA	NA	NA
Journal of the American Statistical Association	NA	NA	NA	NA	NA	1	Economics	NA	NA	NA	NA	NA	NA
Journal of the American Taxation Association	NA	NA	NA	NA	NA	1	Economics	NA	NA	NA	NA	NA	NA
Journal of the Economic and Social History of the Orient	NA	NA	NA	0	0	NA	NA	NA	NA	NA	NA	NA	NA
Journal of the European Economic Association	NA	NA	NA	NA	NA	1	Economics	NA	NA	NA	NA	NA	NA
Journal of the History of Economic Thought	NA	NA	NA	NA	NA	NA	NA	0	History	0	0.49	Cambridge University Press	1053-8372
Journal of The History of Sexuality	NA	NA	0	NA	NA	NA	NA	NA	NA	NA	NA	NA	NA
Journal of the International Neuropsychological Society	NA	NA	NA	NA	NA	NA	NA	0	Psychology	0	2.181	Cambridge University Press	1355-6177
Journal of the Operational Research Society JORS (ehemals: Operational Research Quarterly)	NA	NA	NA	NA	NA	1	Business Studies	NA	NA	NA	NA	NA	NA
Journal of the Royal Anthropological Institute	NA	NA	NA	NA	NA	NA	NA	0	Anthropology	0	1.619	Wiley	1359-0987
Journal of Theoretical Politics	0	NA	NA	NA	NA	NA	NA	NA	NA	NA	NA	NA	NA
Journal of Transport Geography	NA	NA	NA	NA	NA	NA	NA	1	Economics	1	2.675	Elsevier	0966-6923
Journal of Urban Economics	NA	NA	NA	NA	NA	0	Economics	NA	NA	NA	NA	NA	NA
Journal of Value Inquiry	NA	NA	NA	0	0	NA	NA	NA	NA	NA	NA	NA	NA
Journal of Victorian Culture	NA	NA	NA	NA	NA	NA	NA	1	History	1	0.321	Taylor and Francis	1355-5502
Journal of Women Politics & Policy	NA	0	NA	NA	NA	NA	NA	NA	NA	NA	NA	NA	NA
Journal of World Business (formerly: Columbia Journal of World Business)	NA	NA	NA	NA	NA	0	Business Studies	NA	NA	NA	NA	NA	NA
Journal of World Prehistory	NA	NA	NA	NA	NA	NA	NA	1	Anthropology	1	1.526	Springer	0892-7537
Journals of Gerontology Series A-Biological Sciences and Medical Sciences	NA	NA	NA	1	1	NA	NA	NA	NA	NA	NA	NA	NA
Journals of Gerontology Series B – Psychological Sciences and Social Sciences	NA	NA	NA	NA	NA	NA	NA	1	Psychology	1	3.064	Oxford Academic	1079-5014
Kindheit Und Entwicklung	NA	NA	NA	0	0	NA	NA	NA	NA	NA	NA	NA	NA
Kolner Zeitschrift Fur Soziologie Und Sozialpsychologie	NA	NA	0	NA	NA	NA	NA	NA	NA	NA	NA	NA	NA
Kredit und Kapital	NA	NA	NA	NA	NA	0	Economics	NA	NA	NA	NA	NA	NA
Kriminalistik	NA	NA	NA	0	0	NA	NA	NA	NA	NA	NA	NA	NA
Kyklos	NA	NA	NA	NA	NA	0	Economics	NA	NA	NA	NA	NA	NA
L'Anthropologie	NA	NA	NA	NA	NA	NA	NA	0	Anthropology	0	0.787	Elsevier	1322-6040
Labour Economics	NA	NA	NA	NA	NA	0	Economics	NA	NA	NA	NA	NA	NA
Labour/Le Travail	NA	NA	NA	NA	NA	NA	NA	0	History	0	0.419	Canadian Committee on Labour History	0700-3862
Land Economics	NA	NA	NA	NA	NA	1	Economics	NA	NA	NA	NA	NA	NA
Language in Society	NA	NA	1	NA	NA	NA	NA	0	Sociology	0	1.409	Cambridge University Press	0047-4045
Latin American Perspectives	NA	0	NA	NA	NA	NA	NA	NA	NA	NA	NA	NA	NA
Latin American Politics And Society	NA	0	NA	NA	NA	NA	NA	NA	NA	NA	NA	NA	NA
Law & Society Review	NA	NA	1	NA	NA	NA	NA	NA	NA	NA	NA	NA	NA
Law and History Review	NA	NA	NA	NA	NA	NA	NA	0	History	0	0.7	Cambridge University Press	0738-2480
Law and Society Review	NA	NA	NA	NA	NA	NA	NA	0	Sociology	0	1.7	Wiley	0023-9216
Leadership Quarterly	NA	NA	NA	NA	NA	0	Business Studies	NA	NA	NA	NA	NA	NA
Learning and Instruction	NA	NA	NA	1	1	NA	NA	NA	NA	NA	NA	NA	NA
Legislative Studies Quarterly	NA	0	NA	NA	NA	NA	NA	NA	NA	NA	NA	NA	NA
Leisure Sciences	NA	NA	1	NA	NA	NA	NA	NA	NA	NA	NA	NA	NA
Library and Information Science	NA	NA	NA	0	0	NA	NA	NA	NA	NA	NA	NA	NA
Local Government Studies	NA	0	NA	NA	NA	NA	NA	NA	NA	NA	NA	NA	NA
Logistics Research	NA	NA	NA	NA	NA	0	Economics	NA	NA	NA	NA	NA	NA
London Journal	NA	NA	NA	1	1	NA	NA	NA	NA	NA	NA	NA	NA
Long Range Planning	NA	NA	NA	NA	NA	0	Business Studies	NA	NA	NA	NA	NA	NA
Macroeconomic Dynamics	NA	NA	NA	NA	NA	0	Economics	NA	NA	NA	NA	NA	NA
Man in India	NA	NA	NA	0	0	NA	NA	NA	NA	NA	NA	NA	NA
Mana-Estudos de Antropologia Social	NA	NA	NA	0	0	NA	NA	NA	NA	NA	NA	NA	NA
Management Accounting Research	NA	NA	NA	NA	NA	0	Business Studies	NA	NA	NA	NA	NA	NA
Management Information Systems Quarterly Executive / MIS Quarterly Executive	NA	NA	NA	NA	NA	0	Business Studies	NA	NA	NA	NA	NA	NA
Management Learning	NA	NA	NA	NA	NA	0	Business Studies	NA	NA	NA	NA	NA	NA
management revue -The international Review of Management Studies	NA	NA	NA	NA	NA	0	Business Studies	NA	NA	NA	NA	NA	NA
Management Science	NA	NA	NA	NA	NA	1	Business Studies	NA	NA	NA	NA	NA	NA
Managementforschung Jahrbuch	NA	NA	NA	NA	NA	0	Business Studies	NA	NA	NA	NA	NA	NA
Managerial Auditing Journal	NA	NA	NA	NA	NA	0	Business Studies	NA	NA	NA	NA	NA	NA
Manchester School	NA	NA	NA	NA	NA	0	Economics	NA	NA	NA	NA	NA	NA
Manufacturing and Service Operations Management	NA	NA	NA	NA	NA	1	Business Studies	NA	NA	NA	NA	NA	NA
Marine Policy	NA	NA	NA	NA	NA	NA	NA	1	PoliSci + IR	1	2.235	Elsevier	0308-597X
Marketing Intelligence & Planning	NA	NA	NA	NA	NA	0	Business Studies	NA	NA	NA	NA	NA	NA
Marketing Letters	NA	NA	NA	NA	NA	0	Business Studies	NA	NA	NA	NA	NA	NA
Marketing Science	NA	NA	NA	NA	NA	1	Business Studies	NA	NA	NA	NA	NA	NA
Mathematical Finance	NA	NA	NA	NA	NA	0	Economics	0	Economics	0	2.414	Wiley	0960-1627
Media Culture & Society	NA	NA	1	NA	NA	NA	NA	NA	NA	NA	NA	NA	NA
Medical Anthropology	NA	NA	NA	NA	NA	NA	NA	0	Anthropology	0	1.348	Taylor & Francis	0145-9740
Medical Anthropology Quarterly	NA	NA	NA	NA	NA	NA	NA	0	Anthropology	0	1.831	American Anthropological Association	7455-1940
Memory Studies	NA	NA	NA	NA	NA	NA	NA	0	History	0	0.966	SAGE	1750-6980
Men and Masculinities	NA	NA	1	NA	NA	NA	NA	NA	NA	NA	NA	NA	NA
Metroeconomica	NA	NA	NA	NA	NA	0	Economics	NA	NA	NA	NA	NA	NA
Milbank Quarterly	NA	NA	NA	0	0	NA	NA	NA	NA	NA	NA	NA	NA
Mis Quarterly	NA	NA	NA	0	0	0	Business Studies	NA	NA	NA	NA	NA	NA
Mobilization	NA	NA	0	NA	NA	NA	NA	NA	NA	NA	NA	NA	NA
Monographs of the Society For Research in Child Development	NA	NA	NA	0	0	NA	NA	NA	NA	NA	NA	NA	NA
Multisensory Research	NA	NA	NA	NA	NA	NA	NA	1	Psychology	1	1.962	Brill	2213-4794
National Tax Journal	NA	NA	NA	NA	NA	0	Economics	NA	NA	NA	NA	NA	NA
Nations And Nationalism	NA	0	1	NA	NA	NA	NA	0	History	0	0.582	Wiley	1354-5078
Nature	NA	NA	NA	NA	NA	1	Other	NA	NA	NA	NA	NA	NA
Naval Research Logistics	NA	NA	NA	NA	NA	0	Business Studies	NA	NA	NA	NA	NA	NA
Neurobiology of Learning and Memory	NA	NA	NA	NA	NA	NA	NA	1	Psychology	1	3.543	Elsevier	1074-7427
Neuropsychologia	NA	NA	NA	1	1	NA	NA	NA	NA	NA	NA	NA	NA
Neuropsychological Rehabilitation	NA	NA	NA	NA	NA	NA	NA	0	Psychology	0	2.28	Taylor & Francis	0960-2011
Neuropsychology	NA	NA	NA	1	2	NA	NA	1	Psychology	2	3.286	APA	0894-4105
Neuropsychology Review	NA	NA	NA	1	1	NA	NA	NA	NA	NA	NA	NA	NA
New Educational Review	NA	NA	NA	0	0	NA	NA	NA	NA	NA	NA	NA	NA
New Left Review	0	0	NA	NA	NA	NA	NA	NA	NA	NA	NA	NA	NA
New Political Economy	NA	0	NA	NA	NA	NA	NA	NA	NA	NA	NA	NA	NA
Nonprofit and Voluntary Sector Quarterly	NA	NA	NA	NA	NA	0	Other	NA	NA	NA	NA	NA	NA
Nonprofit Management and Leadership	NA	NA	NA	NA	NA	0	Business Studies	NA	NA	NA	NA	NA	NA
Northern History	NA	NA	NA	0	0	NA	NA	NA	NA	NA	NA	NA	NA
Nursing History Review	NA	NA	NA	0	0	NA	NA	NA	NA	NA	NA	NA	NA
Omega	NA	NA	NA	NA	NA	0	Business Studies	NA	NA	NA	NA	NA	NA
Open Economies Review	NA	NA	NA	NA	NA	0	Economics	NA	NA	NA	NA	NA	NA
Operations Management Research	NA	NA	NA	NA	NA	0	Business Studies	NA	NA	NA	NA	NA	NA
Operations Research	NA	NA	NA	NA	NA	0	Business Studies	NA	NA	NA	NA	NA	NA
Operations Research Letters	NA	NA	NA	NA	NA	0	Business Studies	NA	NA	NA	NA	NA	NA
ORDO - Jahrbuch für die Ordnung von Wirtschaft und Gesellschaft	NA	NA	NA	NA	NA	0	Economics	NA	NA	NA	NA	NA	NA
Organization	NA	NA	NA	NA	NA	0	Business Studies	NA	NA	NA	NA	NA	NA
Organization Science	NA	NA	NA	0	0	0	Business Studies	NA	NA	NA	NA	NA	NA
Organization Studies	NA	NA	NA	NA	NA	0	Business Studies	NA	NA	NA	NA	NA	NA
Organizational Behavior and Human Decision Processes	NA	NA	NA	NA	NA	1	Business Studies	NA	NA	NA	NA	NA	NA
Organizational Research Methods	NA	NA	NA	NA	NA	0	Business Studies	NA	NA	NA	NA	NA	NA
Osteuropa	NA	0	NA	NA	NA	NA	NA	NA	NA	NA	NA	NA	NA
Oxford Bulletin of Economics and Statistics	NA	NA	NA	NA	NA	0	Economics	NA	NA	NA	NA	NA	NA
Oxford Economic Papers - New Series	NA	NA	NA	NA	NA	0	Economics	NA	NA	NA	NA	NA	NA
Oxford Review of Economic Policy	NA	NA	NA	NA	NA	1	Economics	NA	NA	NA	NA	NA	NA
Parallax	NA	NA	NA	0	0	NA	NA	NA	NA	NA	NA	NA	NA
Parliamentary Affairs	NA	0	NA	NA	NA	NA	NA	NA	NA	NA	NA	NA	NA
Party Politics	NA	0	NA	NA	NA	NA	NA	1	PoliSci + IR	1	1.846	SAGE	1354-0688
Past and Present	NA	NA	NA	NA	NA	NA	NA	0	History	0	0.966	Oxford Academic	0031-2746
Pensee	NA	NA	NA	0	0	NA	NA	NA	NA	NA	NA	NA	NA
Perfiles Latinoamericanos	NA	NA	NA	0	0	NA	NA	NA	NA	NA	NA	NA	NA
Personality and Social Psychology Review	NA	NA	NA	1	2	NA	NA	NA	NA	NA	NA	NA	NA
Personnel Psychology	NA	NA	NA	NA	NA	0	Business Studies	NA	NA	NA	NA	NA	NA
Perspectives on Politics	NA	NA	NA	NA	NA	NA	NA	0	PoliSci + IR	0	3.234	Cambridge University Press	1537-5927
Perspectives On Psychological Science	NA	NA	NA	0	0	NA	NA	NA	NA	NA	NA	NA	NA
Perspektiven der Wirtschaftspolitik	NA	NA	NA	NA	NA	0	Economics	NA	NA	NA	NA	NA	NA
Pharmacoeconomics	NA	NA	NA	NA	NA	0	Economics	1	Economics	1	3.63	Springer	1170-7690
Philosophy and Public Affairs	NA	NA	NA	NA	NA	NA	NA	0	PoliSci + IR	0	2.182	Wiley	0048-3915
Poetics	NA	NA	1	NA	NA	NA	NA	NA	NA	NA	NA	NA	NA
Policy and Politics	NA	0	NA	NA	NA	NA	NA	0	PoliSci + IR	0	1.939	Policy Press	0305-5736
Policy Review	NA	0	NA	NA	NA	NA	NA	NA	NA	NA	NA	NA	NA
Policy Studies Journal	NA	0	NA	NA	NA	NA	NA	0	PoliSci + IR	0	2.153	Wiley	0190-292X
Polish Sociological Review	NA	NA	0	0	0	NA	NA	NA	NA	NA	NA	NA	NA
Politica Y Gobierno	NA	0	NA	NA	NA	NA	NA	NA	NA	NA	NA	NA	NA
Political Analysis	NA	1	NA	NA	NA	NA	NA	1	PoliSci + IR	2	3.361	Oxford University Press	1047-1987
Political Behavior	NA	0	NA	NA	NA	NA	NA	1	PoliSci + IR	2	2.138	Springer	0190-9320
Political Communication	NA	1	NA	NA	NA	NA	NA	1	PoliSci + IR	2	2.467	Taylor & Francis	1058-4609
Political Geography	0	0	NA	NA	NA	NA	NA	1	PoliSci + IR	1	2.41	Elsevier	0962-6298
Political Psychology	NA	0	NA	NA	NA	NA	NA	1	PoliSci + IR	1	2.76	Wiley	0162-895X
Political Quarterly	NA	0	NA	NA	NA	NA	NA	NA	NA	NA	NA	NA	NA
Political Research Quarterly	NA	1	NA	NA	NA	NA	NA	NA	NA	NA	NA	NA	NA
Political Science Quarterly	NA	0	NA	NA	NA	NA	NA	NA	NA	NA	NA	NA	NA
Political Studies	NA	0	NA	NA	NA	NA	NA	NA	NA	NA	NA	NA	NA
Political Theory	0	NA	NA	NA	NA	NA	NA	NA	NA	NA	NA	NA	NA
Politicka Ekonomie	NA	0	NA	NA	NA	NA	NA	NA	NA	NA	NA	NA	NA
Politics & Society	0	0	1	NA	NA	NA	NA	NA	NA	NA	NA	NA	NA
Politics and Gender	NA	NA	NA	NA	NA	NA	NA	0	PoliSci + IR	0	2.109	Cambridge University Press	1743-923X
Politics and Society	NA	NA	NA	NA	NA	NA	NA	0	Sociology	0	1.659	SAGE	0032-3292
Politikatudomanyi Szemle	NA	0	NA	NA	NA	NA	NA	NA	NA	NA	NA	NA	NA
Politische Vierteljahresschrift	NA	1	NA	NA	NA	NA	NA	NA	NA	NA	NA	NA	NA
Politologija	NA	0	NA	NA	NA	NA	NA	NA	NA	NA	NA	NA	NA
Polity	NA	0	NA	NA	NA	NA	NA	NA	NA	NA	NA	NA	NA
Population and Development Review	NA	NA	1	NA	NA	NA	NA	0	Sociology	0	2.792	Wiley	0098-7921
Porta Linguarum	NA	NA	NA	0	0	NA	NA	NA	NA	NA	NA	NA	NA
Portuguese Journal of Political Science	NA	0	NA	NA	NA	NA	NA	NA	NA	NA	NA	NA	NA
Post-Soviet Affairs	NA	0	NA	NA	NA	NA	NA	1	PoliSci + IR	1	2.25	Taylor & Francis	1060-586X
Problems of Post-Communism	NA	0	NA	NA	NA	NA	NA	NA	NA	NA	NA	NA	NA
Proceedings of the National Academy of Sciences of the United States of America	NA	NA	NA	NA	NA	1	Other	NA	NA	NA	NA	NA	NA
Progress in Human Geography	NA	NA	NA	1	1	NA	NA	NA	NA	NA	NA	NA	NA
Ps-Political Science & Politics	NA	0	NA	NA	NA	NA	NA	NA	NA	NA	NA	NA	NA
Psycho-Oncology	NA	NA	NA	NA	NA	NA	NA	1	Psychology	1	3.095	Wiley	1057-9249
Psychoanalysis and History	NA	NA	NA	NA	NA	NA	NA	0	History	0	0.462	Edinburgh University Press	1460-8235
Psychological Bulletin	NA	NA	NA	1	2	NA	NA	1	Psychology	2	16.793	APA	0033-2909
Psychological Inquiry	NA	NA	NA	1	1	NA	NA	NA	NA	NA	NA	NA	NA
Psychological Medicine	NA	NA	NA	0	0	NA	NA	0	Psychology	0	5.23	Cambridge University Press	0033-2917
Psychological Methods	NA	NA	NA	1	2	NA	NA	NA	NA	NA	NA	NA	NA
Psychological Review	NA	NA	NA	1	2	NA	NA	1	Psychology	2	7.638	APA	0033-295X
Psychological Science	NA	NA	NA	1	1	NA	NA	NA	NA	NA	NA	NA	NA
Psychologie Du Travail Et Des Organisations	NA	NA	NA	0	0	NA	NA	NA	NA	NA	NA	NA	NA
Psychology and Marketing	NA	NA	NA	NA	NA	0	Business Studies	NA	NA	NA	NA	NA	NA
Psychology and Psychotherapy – Theory Research and Practice	NA	NA	NA	NA	NA	NA	NA	0	Psychology	0	1.627	Wiley	1476-0835
Psychology of Sport and Exercise	NA	NA	NA	NA	NA	NA	NA	0	Psychology	0	2.809	Elsevier	1469-0292
Psychophysiology	NA	NA	NA	NA	NA	NA	NA	0	Psychology	0	2.668	Wiley	0048-5772
Psychosomatic Medicine	NA	NA	NA	1	1	NA	NA	1	Psychology	1	3.863	Wolters Kluwer	0033-3174
Psychotherapy and Psychosomatics	NA	NA	NA	1	1	NA	NA	0	Psychology	0	8.964	Karger	0033-3190
Public Administration	NA	NA	NA	NA	NA	0	Other	0	PoliSci + IR	0	2.959	Wiley	0033-3298
Public Administration Review	NA	NA	NA	NA	NA	0	Business Studies	NA	NA	NA	NA	NA	NA
Public Choice	NA	1	NA	NA	NA	1	Economics	NA	NA	NA	NA	NA	NA
Public Culture	NA	NA	NA	NA	NA	NA	NA	0	Anthropology	0	1.667	Duke University Press	0899-2363
Public Finance Review	NA	NA	NA	NA	NA	0	Economics	NA	NA	NA	NA	NA	NA
Public Management Review	NA	NA	NA	NA	NA	0	Business Studies	NA	NA	NA	NA	NA	NA
Public Opinion Quarterly	1	1	NA	NA	NA	NA	NA	NA	NA	NA	NA	NA	NA
Publius-The Journal of Federalism	NA	0	NA	NA	NA	NA	NA	NA	NA	NA	NA	NA	NA
Qualitative Research	NA	NA	1	NA	NA	NA	NA	0	Sociology	0	2.012	SAGE	1468-7941
Qualitative Research in Financial Markets	NA	NA	NA	NA	NA	0	Business Studies	NA	NA	NA	NA	NA	NA
Qualitative Sociology	NA	NA	1	NA	NA	NA	NA	NA	NA	NA	NA	NA	NA
Quantitative Marketing and Economics	NA	NA	NA	NA	NA	0	Economics	NA	NA	NA	NA	NA	NA
Quarterly Journal of Economics	NA	NA	NA	1	1	0	Economics	1	Economics	2	6.662	Oxford University Press	0033-5533
Quarterly Journal of Experimental Psychology	NA	NA	NA	NA	NA	NA	NA	0	Psychology	0	2.129	SAGE	1747-0218
Quarterly Journal of Political Science	NA	1	NA	NA	NA	NA	NA	NA	NA	NA	NA	NA	NA
Quarterly Review of Economics and Finance	NA	NA	NA	NA	NA	0	Economics	NA	NA	NA	NA	NA	NA
Race & Class	NA	NA	1	NA	NA	NA	NA	NA	NA	NA	NA	NA	NA
RAND Journal of Economics	NA	NA	NA	NA	NA	0	Economics	NA	NA	NA	NA	NA	NA
Rationality and Society	NA	NA	1	NA	NA	NA	NA	NA	NA	NA	NA	NA	NA
Regional Science and Urban Economics	NA	NA	NA	NA	NA	0	Economics	NA	NA	NA	NA	NA	NA
Regional Studies	NA	NA	NA	NA	NA	0	Economics	1	Economics	1	2.78	Taylor & Francis	0034-3404
Regulation and Governance	NA	NA	NA	NA	NA	NA	NA	1	PoliSci + IR	1	2.898	Wiley	1748-5983
Research in Social Stratification and Mobility	NA	NA	1	NA	NA	NA	NA	NA	NA	NA	NA	NA	NA
Research Policy	NA	NA	NA	NA	NA	0	Business Studies	NA	NA	NA	NA	NA	NA
Research Quarterly for Exercise and Sport	NA	NA	NA	NA	NA	NA	NA	0	Psychology	0	1.815	Taylor & Francis	0270-1367
Rethinking History	NA	NA	NA	NA	NA	NA	NA	1	History	1	0.342	Taylor and Francis	1364-2529
Review of Accounting Studies	NA	NA	NA	NA	NA	0	Business Studies	NA	NA	NA	NA	NA	NA
Review of Central and East European Law	NA	NA	NA	0	0	NA	NA	NA	NA	NA	NA	NA	NA
Review of Derivatives Research	NA	NA	NA	NA	NA	0	Economics	NA	NA	NA	NA	NA	NA
Review of Economic Studies	NA	NA	NA	NA	NA	1	Economics	1	Economics	2	4.03	Oxford University Press	0034-6527
Review of Economics and Statistics	NA	NA	NA	NA	NA	1	Economics	1	Economics	2	2.926	MIT Press	0034-6535
Review of Environmental Economics and Policy	NA	NA	NA	NA	NA	NA	NA	0	Economics	0	3.862	Oxford University Press	1750-6816
Review of Finance (formerly: European Finance Review)	NA	NA	NA	NA	NA	0	Economics	NA	NA	NA	NA	NA	NA
Review of Financial Economics	NA	NA	NA	NA	NA	0	Business Studies	NA	NA	NA	NA	NA	NA
Review of Financial Studies	NA	NA	NA	0	0	0	Economics	1	Economics	1	3.689	Oxford University Press	0893-9454
Review of Income and Wealth	NA	NA	NA	NA	NA	0	Economics	NA	NA	NA	NA	NA	NA
Review of Industrial Organization	NA	NA	NA	NA	NA	0	Economics	NA	NA	NA	NA	NA	NA
Review of International Economics	NA	NA	NA	NA	NA	0	Economics	NA	NA	NA	NA	NA	NA
Review of International Organizations	NA	NA	NA	NA	NA	NA	NA	1	"Economics, PoliSci + IR"	1	2.429	Springer	1559-7431
Review of International Political Economy	0	0	NA	NA	NA	NA	NA	0	"Economics, PoliSci + IR"	0	3.452	Taylor & Francis	0969-2290
Review of International Studies	0	NA	NA	NA	NA	NA	NA	NA	NA	NA	NA	NA	NA
Review of Managerial Science	NA	NA	NA	NA	NA	0	Business Studies	NA	NA	NA	NA	NA	NA
Review of Marketing Science	NA	NA	NA	NA	NA	0	Business Studies	NA	NA	NA	NA	NA	NA
Review of Quantitative Finance and Accounting	NA	NA	NA	NA	NA	0	Economics	NA	NA	NA	NA	NA	NA
Review of Religious Research	NA	NA	0	NA	NA	NA	NA	NA	NA	NA	NA	NA	NA
Review of World Economics	NA	NA	NA	NA	NA	0	Economics	NA	NA	NA	NA	NA	NA
Revista de Cercetare Si Interventie Sociala	NA	NA	0	NA	NA	NA	NA	NA	NA	NA	NA	NA	NA
Revista de Ciencias Sociales	NA	NA	NA	0	0	NA	NA	NA	NA	NA	NA	NA	NA
Revista de Historia Económica	NA	NA	NA	NA	NA	NA	NA	0	History	0	0.379	Carlos III University	0212-6109
Revista de Historia Industrial	NA	NA	NA	NA	NA	NA	NA	0	History	0	0.3	University of Barcelona	1132-7200
Revista de Linguistica Teorica Y Aplicada	NA	NA	NA	0	0	NA	NA	NA	NA	NA	NA	NA	NA
Revista Espanola de Investigaciones Sociologicas	NA	NA	0	NA	NA	NA	NA	NA	NA	NA	NA	NA	NA
Revista Internacional de Sociologia	NA	NA	0	NA	NA	NA	NA	NA	NA	NA	NA	NA	NA
Revista Latinoamericana de Psicopatologia Fundamental	NA	NA	NA	0	0	NA	NA	NA	NA	NA	NA	NA	NA
Revista Signos	NA	NA	NA	0	0	NA	NA	NA	NA	NA	NA	NA	NA
Revista Venezolana de Gerencia	NA	NA	NA	0	0	NA	NA	NA	NA	NA	NA	NA	NA
Revue D'Economie Politique	NA	0	NA	0	0	NA	NA	NA	NA	NA	NA	NA	NA
Revue D'Etudes Comparatives Est-Ouest	NA	NA	NA	0	0	NA	NA	NA	NA	NA	NA	NA	NA
Revue Francaise de Science Politique	NA	0	NA	NA	NA	NA	NA	NA	NA	NA	NA	NA	NA
Revue Francaise de Sociologie	NA	NA	0	NA	NA	NA	NA	NA	NA	NA	NA	NA	NA
Revue Internationale de Psychologie Sociale-International Review of Social Psychology	NA	NA	NA	0	0	NA	NA	NA	NA	NA	NA	NA	NA
Rilce-Revista de Filologia Hispanica	NA	NA	NA	0	0	NA	NA	NA	NA	NA	NA	NA	NA
Rivista Italiana di Scienza Politica	NA	0	NA	NA	NA	NA	NA	NA	NA	NA	NA	NA	NA
Romanian Journal of Political Science	NA	0	NA	NA	NA	NA	NA	NA	NA	NA	NA	NA	NA
Rural Sociology	NA	NA	1	NA	NA	NA	NA	0	Sociology	0	1.718	Wiley	0036-0112
Russian Education and Society	NA	NA	NA	0	0	NA	NA	NA	NA	NA	NA	NA	NA
Russian Politics And Law	NA	0	NA	NA	NA	NA	NA	NA	NA	NA	NA	NA	NA
Scandinavian Journal of Economics	NA	NA	NA	NA	NA	0	Economics	NA	NA	NA	NA	NA	NA
Scandinavian Journal of Hospitality and Tourism	NA	NA	1	NA	NA	NA	NA	NA	NA	NA	NA	NA	NA
Scandinavian Political Studies	NA	0	NA	NA	NA	NA	NA	NA	NA	NA	NA	NA	NA
Schizophrenia Bulletin	NA	NA	NA	1	1	NA	NA	NA	NA	NA	NA	NA	NA
Schizophrenia Research	NA	NA	NA	1	1	NA	NA	NA	NA	NA	NA	NA	NA
Schmalenbach Business Review	NA	NA	NA	NA	NA	0	Business Studies	NA	NA	NA	NA	NA	NA
Schmalenbachs Zeitschrift für betriebswirtschaftliche Forschung	NA	NA	NA	NA	NA	0	Business Studies	NA	NA	NA	NA	NA	NA
Schmollers Jahrbuch	NA	NA	NA	NA	NA	0	Economics	NA	NA	NA	NA	NA	NA
Schweizerische Zeitschrift für Volkswirtschaft und Statistik	NA	NA	NA	NA	NA	0	Economics	NA	NA	NA	NA	NA	NA
Science	NA	NA	NA	NA	NA	1	Other	NA	NA	NA	NA	NA	NA
Scottish Historical Review	NA	NA	NA	NA	NA	NA	NA	0	History	0	0.368	Edinburgh University Press	0036-9241
Scottish Journal of Political Economy	NA	0	NA	NA	NA	0	Economics	NA	NA	NA	NA	NA	NA
Securities Regulation Law Journal	NA	NA	NA	0	0	NA	NA	NA	NA	NA	NA	NA	NA
Security Dialogue	NA	NA	NA	NA	NA	NA	NA	1	PoliSci + IR	2	2.692	SAGE	0967-0106
Security Studies	0	NA	NA	NA	NA	NA	NA	NA	NA	NA	NA	NA	NA
Seoul Journal of Korean Studies	NA	NA	NA	0	0	NA	NA	NA	NA	NA	NA	NA	NA
Sexualities	NA	NA	1	NA	NA	NA	NA	NA	NA	NA	NA	NA	NA
Slavisticna Revija	NA	NA	NA	0	0	NA	NA	NA	NA	NA	NA	NA	NA
Slovak Journal of Political Sciences	NA	0	NA	NA	NA	NA	NA	NA	NA	NA	NA	NA	NA
Small Business Economics	NA	NA	NA	NA	NA	NA	NA	1	Economics	1	2.421	Springer	0921-898X
Social Cognitive and Affective Neuroscience	NA	NA	NA	1	1	NA	NA	1	Psychology	1	3.937	Oxford Academic	1749-5016
Social Compass	NA	NA	1	NA	NA	NA	NA	NA	NA	NA	NA	NA	NA
Social Forces	NA	NA	1	NA	NA	NA	NA	1	Sociology	1	2.113	Oxford University Press	0037-7732
Social History of Medicine	NA	NA	NA	NA	NA	NA	NA	0	History	0	0.676	Oxford Academic	0951-631X
Social Indicators Research	NA	NA	1	NA	NA	NA	NA	1	Sociology	1	1.743	Springer	0303-8300
Social Justice Research	NA	NA	1	NA	NA	NA	NA	NA	NA	NA	NA	NA	NA
Social Networks	NA	NA	1	NA	NA	NA	NA	1	"Anthropology, Sociology"	1	2.462	Elsevier	0378-8733
Social Neuroscience	NA	NA	NA	NA	NA	NA	NA	0	Psychology	0	2.255	Taylor & Francis	1747-0919
Social Problems	NA	NA	1	NA	NA	NA	NA	0	Sociology	0	1.684	Oxford University Press	0037-7791
Social Science Quarterly	NA	NA	1	NA	NA	NA	NA	NA	NA	NA	NA	NA	NA
Social Science Research	NA	NA	1	NA	NA	NA	NA	1	Sociology	1	1.327	Elsevier	0049-089X
Sociedade E Cultura	NA	NA	NA	0	0	NA	NA	NA	NA	NA	NA	NA	NA
Society	NA	NA	1	NA	NA	NA	NA	NA	NA	NA	NA	NA	NA
Society and Animals	NA	NA	1	NA	NA	NA	NA	NA	NA	NA	NA	NA	NA
Society and Mental Health	NA	NA	NA	NA	NA	NA	NA	0	Sociology	0	1.444	SAGE	2156-8693
Society and Natural Resources	NA	NA	1	NA	NA	NA	NA	1	Sociology	1	1.534	Taylor & Francis	0894-1920
Socio-Economic Review	NA	0	1	NA	NA	0	Economics	0	"Economics, PoliSci + IR, Sociology"	0	2.661	Oxford University Press	1475-1461
Sociologia	NA	NA	1	NA	NA	NA	NA	NA	NA	NA	NA	NA	NA
Sociologia Ruralis	NA	NA	1	NA	NA	NA	NA	1	Sociology	1	1.698	Wiley	0038-0199
Sociological Forum	NA	NA	1	NA	NA	NA	NA	NA	NA	NA	NA	NA	NA
Sociological Inquiry	NA	NA	1	NA	NA	NA	NA	NA	NA	NA	NA	NA	NA
Sociological Methodology	NA	NA	1	NA	NA	NA	NA	1	Sociology	2	2.667	SAGE	0081-1750
Sociological Methods and Research	NA	NA	1	NA	NA	NA	NA	1	Sociology	2	3.604	SAGE	0049-1241
Sociological Perspectives	NA	NA	1	NA	NA	NA	NA	NA	NA	NA	NA	NA	NA
Sociological Quarterly	NA	NA	1	NA	NA	NA	NA	NA	NA	NA	NA	NA	NA
Sociological Research Online	NA	NA	1	NA	NA	NA	NA	NA	NA	NA	NA	NA	NA
Sociological Spectrum	NA	NA	1	NA	NA	NA	NA	NA	NA	NA	NA	NA	NA
Sociological Theory	NA	NA	1	NA	NA	NA	NA	0	Sociology	0	1.545	SAGE	0735-2751
Sociological Theory and Methods	NA	NA	NA	0	0	NA	NA	NA	NA	NA	NA	NA	NA
Sociologicky Casopis-Czech Sociological Review	NA	NA	0	NA	NA	NA	NA	NA	NA	NA	NA	NA	NA
Sociologie Du Travail	NA	NA	0	NA	NA	NA	NA	NA	NA	NA	NA	NA	NA
Sociologija I Prostor	NA	NA	NA	0	0	NA	NA	NA	NA	NA	NA	NA	NA
Sociologisk Forskning	NA	NA	0	NA	NA	NA	NA	NA	NA	NA	NA	NA	NA
Sociologus	NA	NA	0	NA	NA	NA	NA	NA	NA	NA	NA	NA	NA
Sociology	NA	NA	NA	NA	NA	NA	NA	0	Sociology	0	1.963	SAGE	0038-0385
Sociology of Education	NA	NA	1	NA	NA	NA	NA	1	Sociology	2	2.697	SAGE	0038-0407
Sociology of Health and Illness	NA	NA	1	NA	NA	NA	NA	0	Sociology	0	1.89	Wiley	0141-9889
Sociology of Religion	NA	NA	1	NA	NA	NA	NA	1	Sociology	1	1.37	Oxford University Press	1069-4404
Sociology of Sport Journal	NA	NA	0	NA	NA	NA	NA	NA	NA	NA	NA	NA	NA
Sotsiologicheskie Issledovaniya	NA	NA	0	NA	NA	NA	NA	NA	NA	NA	NA	NA	NA
South European Society and Politics	NA	NA	NA	NA	NA	NA	NA	1	PoliSci + IR	1	2.018	Taylor & Francis	1360-8746
Southeastern Europe	NA	0	NA	NA	NA	NA	NA	NA	NA	NA	NA	NA	NA
Southern African Linguistics and Applied Language Studies	NA	NA	NA	0	0	NA	NA	NA	NA	NA	NA	NA	NA
Southern Economic Journal	NA	NA	NA	NA	NA	1	Economics	NA	NA	NA	NA	NA	NA
Soviet and Post-Soviet Review	NA	0	NA	NA	NA	NA	NA	NA	NA	NA	NA	NA	NA
Soziale Welt-Zeitschrift Fur Sozialwissenschaftliche Forschung Und Praxis	NA	NA	0	NA	NA	NA	NA	NA	NA	NA	NA	NA	NA
Srpska Politicka Misao	NA	0	NA	NA	NA	NA	NA	NA	NA	NA	NA	NA	NA
Stanford Law Review	NA	NA	NA	0	0	NA	NA	NA	NA	NA	NA	NA	NA
State Politics & Policy Quarterly	NA	0	NA	NA	NA	NA	NA	NA	NA	NA	NA	NA	NA
Steuer und Wirtschaft	NA	NA	NA	NA	NA	0	Business Studies	NA	NA	NA	NA	NA	NA
Strategic Entrepreneurship Journal	NA	NA	NA	NA	NA	0	Business Studies	NA	NA	NA	NA	NA	NA
Strategic Management Journal	NA	NA	NA	0	0	0	Business Studies	NA	NA	NA	NA	NA	NA
Strategic Organization	NA	NA	NA	NA	NA	0	Business Studies	NA	NA	NA	NA	NA	NA
Stress and Health	NA	NA	NA	NA	NA	NA	NA	1	Psychology	1	2.114	Wiley	1532-3005
Structural Change and Economic Dynamics	NA	NA	NA	NA	NA	0	Economics	NA	NA	NA	NA	NA	NA
Structural Equation Modeling-A Multidisciplinary Journal	NA	NA	NA	1	1	0	Other	NA	NA	NA	NA	NA	NA
Studia Polityczne	NA	0	NA	NA	NA	NA	NA	NA	NA	NA	NA	NA	NA
Studia Socjologiczne	NA	NA	0	NA	NA	NA	NA	NA	NA	NA	NA	NA	NA
Studies in American Political Development	NA	0	NA	NA	NA	NA	NA	NA	NA	NA	NA	NA	NA
Studies in Comparative International Development	NA	0	NA	NA	NA	NA	NA	NA	NA	NA	NA	NA	NA
Studies in Conflict & Terrorism	NA	0	NA	NA	NA	NA	NA	NA	NA	NA	NA	NA	NA
Studies in East European Thought	NA	NA	NA	1	1	NA	NA	NA	NA	NA	NA	NA	NA
Studies in Nonlinear Dynamics and Econometrics	NA	NA	NA	NA	NA	1	Economics	NA	NA	NA	NA	NA	NA
Studies in Symbolic Interaction	NA	NA	1	0	0	NA	NA	NA	NA	NA	NA	NA	NA
Studies of Transition States and Societies	NA	0	NA	NA	NA	NA	NA	NA	NA	NA	NA	NA	NA
Sud-Ouest Europeen	NA	NA	NA	0	0	NA	NA	NA	NA	NA	NA	NA	NA
Survival	NA	0	NA	NA	NA	NA	NA	NA	NA	NA	NA	NA	NA
Suvremena Psihologija	NA	NA	NA	0	0	NA	NA	NA	NA	NA	NA	NA	NA
Symbolic Interaction	NA	NA	1	NA	NA	NA	NA	NA	NA	NA	NA	NA	NA
System Dynamics Review	NA	NA	NA	NA	NA	0	Business Studies	NA	NA	NA	NA	NA	NA
Teaching Sociology	NA	NA	1	NA	NA	NA	NA	NA	NA	NA	NA	NA	NA
Technological and Economic Development of Economy	NA	NA	NA	NA	NA	NA	NA	0	Economics	0	2.628	Taylor & Francis	2029-4913
Technological Forecasting and Social Change	NA	NA	NA	NA	NA	0	Business Studies	NA	NA	NA	NA	NA	NA
Telos	NA	NA	0	0	0	NA	NA	NA	NA	NA	NA	NA	NA
Tempo Psicanalitico	NA	NA	NA	0	0	NA	NA	NA	NA	NA	NA	NA	NA
Tempo Social	NA	NA	0	NA	NA	NA	NA	NA	NA	NA	NA	NA	NA
Teorija in praksa	NA	0	NA	NA	NA	NA	NA	NA	NA	NA	NA	NA	NA
Terrorism And Political Violence	NA	0	NA	NA	NA	NA	NA	NA	NA	NA	NA	NA	NA
The Australian Journal of Anthropology	NA	NA	NA	NA	NA	NA	NA	1	Anthropology	1	0.864	Wiley	1035-8811
The European Journal of Health Economics	NA	NA	NA	NA	NA	0	Economics	1	Economics	1	2.5	Springer	1618-7598
The Journal of Politics	0	1	NA	NA	NA	NA	NA	1	PoliSci + IR	2	1.938	University of Chicago Press	0022-3816
The Journal of The British Sociological Association	NA	NA	1	NA	NA	NA	NA	NA	NA	NA	NA	NA	NA
The Sociological Review	NA	NA	1	NA	NA	NA	NA	1	Sociology	1	1.349	SAGE	0038-0261
Theoretical Linguistics	NA	NA	NA	0	0	NA	NA	NA	NA	NA	NA	NA	NA
Theory and Society	NA	NA	1	NA	NA	NA	NA	1	Sociology	1	2.167	Springer	0304-2421
Thunderbird International Business Review	NA	NA	NA	NA	NA	0	Economics	NA	NA	NA	NA	NA	NA
Tijdschrift voor Rechtsgeschiedenis – Revue d Histoire du Droit – The Legal History Review	NA	NA	NA	NA	NA	NA	NA	0	History	0	0.267	Brill	0040-7585
Transcultural Psychiatry	NA	NA	NA	NA	NA	NA	NA	1	Anthropology	1	2.28	SAGE	1363-4615
Transportation Research Part A – Policy and Practice	NA	NA	NA	NA	NA	0	Economics	1	Economics	1	2.609	Elsevier	0965-8564
Transportation Research Part B – Methodological	NA	NA	NA	NA	NA	0	Economics	1	Economics	1	3.769	Elsevier	0191-2615
Transportation Research Part E – Logistics and Transportation Review	NA	NA	NA	NA	NA	0	Economics	1	Economics	1	2.974	Elsevier	1366-5545
Transportation Science	NA	NA	NA	NA	NA	0	Economics	NA	NA	NA	NA	NA	NA
Trends in Cognitive Sciences	NA	NA	NA	0	0	NA	NA	NA	NA	NA	NA	NA	NA
Trimestre Economico	NA	NA	NA	0	0	NA	NA	NA	NA	NA	NA	NA	NA
Value in Health	NA	NA	NA	NA	NA	NA	NA	1	Economics	2	4.235	Elsevier	1098-3015
West European Politics	NA	0	NA	NA	NA	NA	NA	1	PoliSci + IR	1	2.512	Taylor & Francis	0140-2382
Wirtschaftsinformatik	NA	NA	NA	NA	NA	0	Economics	NA	NA	NA	NA	NA	NA
Work and Occupations	NA	NA	1	NA	NA	NA	NA	0	Sociology	0	2.355	SAGE	0730-8884
Work Employment and Society	NA	NA	1	NA	NA	NA	NA	0	Sociology	0	1.821	SAGE	0950-0170
World Development	NA	NA	NA	NA	NA	NA	NA	0	Economics	0	2.848	Elsevier	0305-750X
World Politics	0	NA	NA	NA	NA	NA	NA	1	PoliSci + IR	2	4.025	Cambridge University Press	0043-8871
World Psychiatry	NA	NA	NA	0	0	NA	NA	NA	NA	NA	NA	NA	NA
Yale Law Journal	NA	NA	NA	0	0	NA	NA	NA	NA	NA	NA	NA	NA
Young	NA	NA	1	NA	NA	NA	NA	NA	NA	NA	NA	NA	NA
Youth and Society	NA	NA	1	NA	NA	NA	NA	0	Sociology	0	1.608	SAGE	0044-118X
Zeitschrift für Betriebswirtschaft/Journal of Business Economics	NA	NA	NA	NA	NA	0	Business Studies	NA	NA	NA	NA	NA	NA
Zeitschrift Fur Bibliothekswesen Und Bibliographie	NA	NA	NA	0	0	NA	NA	NA	NA	NA	NA	NA	NA
Zeitschrift Fur Soziologie	NA	NA	0	NA	NA	NA	NA	NA	NA	NA	NA	NA	NA
Zeitschrift für Umweltpolitik und Umweltrecht	NA	NA	NA	NA	NA	0	Other	NA	NA	NA	NA	NA	NA
Zeitschrift für Wirtschaftspolitik	NA	NA	NA	NA	NA	0	Economics	NA	NA	NA	NA	NA	NA